time,SlowD,SlowK
2020-05-18 16:00,77.2738,56.4717
2020-05-18 15:55,89.5419,84.9004
2020-05-18 15:50,91.2231,90.4492
2020-05-18 15:45,89.9774,93.2760
2020-05-18 15:40,81.3199,89.9442
2020-05-18 15:35,67.6003,86.7122
2020-05-18 15:30,52.1816,67.3033
2020-05-18 15:25,48.3070,48.7855
2020-05-18 15:20,53.9205,40.4560
2020-05-18 15:15,62.7576,55.6795
2020-05-18 15:10,62.0746,65.6260
2020-05-18 15:05,58.5469,66.9672
2020-05-18 15:00,49.9712,53.6306
2020-05-18 14:55,44.0827,55.0431
2020-05-18 14:50,34.4603,41.2399
2020-05-18 14:45,27.0701,35.9652
2020-05-18 14:40,22.4113,26.1758
2020-05-18 14:35,23.3519,19.0693
2020-05-18 14:30,28.7610,21.9889
2020-05-18 14:25,37.7050,28.9976
2020-05-18 14:20,41.6567,35.2964
2020-05-18 14:15,45.9995,48.8211
2020-05-18 14:10,43.6405,40.8527
2020-05-18 14:05,40.5615,48.3248
2020-05-18 14:00,37.0239,41.7442
2020-05-18 13:55,35.8446,31.6156
2020-05-18 13:50,48.6954,37.7119
2020-05-18 13:45,63.4248,38.2065
2020-05-18 13:40,82.7476,70.1679
2020-05-18 13:35,91.2573,81.9000
2020-05-18 13:30,95.6628,96.1748
2020-05-18 13:25,95.2934,95.6971
2020-05-18 13:20,93.7763,95.1165
2020-05-18 13:15,89.8796,95.0664
2020-05-18 13:10,83.3088,91.1459
2020-05-18 13:05,71.2094,83.4264
2020-05-18 13:00,64.4215,75.3541
2020-05-18 12:55,60.9742,54.8478
2020-05-18 12:50,72.3963,63.0625
2020-05-18 12:45,79.8140,65.0122
2020-05-18 12:40,83.3596,89.1140
2020-05-18 12:35,78.1630,85.3159
2020-05-18 12:30,71.8735,75.6490
2020-05-18 12:25,69.3146,73.5240
2020-05-18 12:20,67.0742,66.4473
2020-05-18 12:15,64.5211,67.9723
2020-05-18 12:10,63.7933,66.8030
2020-05-18 12:05,61.1161,58.7880
2020-05-18 12:00,63.0111,65.7890
2020-05-18 11:55,62.5314,58.7712
2020-05-18 11:50,62.1922,64.4730
2020-05-18 11:45,63.5950,64.3501
2020-05-18 11:40,65.4979,57.7536
2020-05-18 11:35,67.9060,68.6813
2020-05-18 11:30,65.3266,70.0589
2020-05-18 11:25,64.6692,64.9778
2020-05-18 11:20,72.7332,60.9431
2020-05-18 11:15,82.6558,68.0867
2020-05-18 11:10,88.5390,89.1699
2020-05-18 11:05,84.3706,90.7109
2020-05-18 11:00,76.3529,85.7363
2020-05-18 10:55,66.6447,76.6646
2020-05-18 10:50,58.0021,66.6577
2020-05-18 10:45,56.0607,56.6118
2020-05-18 10:40,62.6269,50.7367
2020-05-18 10:35,72.7465,60.8336
2020-05-18 10:30,79.4638,76.3103
2020-05-18 10:25,80.2373,81.0957
2020-05-18 10:20,80.3237,80.9855
2020-05-18 10:15,75.6215,78.6307
2020-05-18 10:10,69.2983,81.3548
2020-05-18 10:05,62.8102,66.8790
2020-05-18 10:00,64.5707,59.6612
2020-05-18 09:55,68.5530,61.8905
2020-05-18 09:50,72.8051,72.1605
2020-05-18 09:45,74.8213,71.6079
2020-05-18 09:40,79.5235,74.6470
2020-05-18 09:35,80.7533,78.2090
2020-05-15 16:00,77.1066,85.7145
2020-05-15 15:55,70.8750,78.3363
2020-05-15 15:50,68.3613,67.2691
2020-05-15 15:45,70.7034,67.0197
2020-05-15 15:40,69.5978,70.7952
2020-05-15 15:35,65.5143,74.2953
2020-05-15 15:30,63.3951,63.7028
2020-05-15 15:25,68.3174,58.5450
2020-05-15 15:20,73.6257,67.9377
2020-05-15 15:15,72.5523,78.4697
2020-05-15 15:10,62.5775,74.4697
2020-05-15 15:05,49.7081,64.7175
2020-05-15 15:00,35.7504,48.5452
2020-05-15 14:55,26.8267,35.8615
2020-05-15 14:50,30.4428,22.8444
2020-05-15 14:45,47.6199,21.7742
2020-05-15 14:40,70.8501,46.7100
2020-05-15 14:35,84.1785,74.3755
2020-05-15 14:30,87.5889,91.4648
2020-05-15 14:25,85.6199,86.6952
2020-05-15 14:20,85.3077,84.6068
2020-05-15 14:15,81.7662,85.5577
2020-05-15 14:10,70.0335,85.7586
2020-05-15 14:05,54.1322,73.9823
2020-05-15 14:00,39.6836,50.3595
2020-05-15 13:55,34.6756,38.0548
2020-05-15 13:50,35.9312,30.6366
2020-05-15 13:45,43.1306,35.3356
2020-05-15 13:40,52.2636,41.8215
2020-05-15 13:35,63.5948,52.2349
2020-05-15 13:30,73.5245,62.7345
2020-05-15 13:25,82.8652,75.8150
2020-05-15 13:20,85.5585,82.0240
2020-05-15 13:15,83.3408,90.7565
2020-05-15 13:10,71.5330,83.8949
2020-05-15 13:05,58.3295,75.3710
2020-05-15 13:00,49.9342,55.3333
2020-05-15 12:55,55.2048,44.2842
2020-05-15 12:50,67.7864,50.1852
2020-05-15 12:45,79.7636,71.1450
2020-05-15 12:40,84.0161,82.0290
2020-05-15 12:35,87.0426,86.1167
2020-05-15 12:30,89.4800,83.9025
2020-05-15 12:25,93.7399,91.1087
2020-05-15 12:20,92.2465,93.4289
2020-05-15 12:15,81.4770,96.6820
2020-05-15 12:10,60.7403,86.6285
2020-05-15 12:05,40.9848,61.1204
2020-05-15 12:00,29.7320,34.4718
2020-05-15 11:55,32.5381,27.3620
2020-05-15 11:50,40.0453,27.3621
2020-05-15 11:45,52.2920,42.8901
2020-05-15 11:40,55.9999,49.8837
2020-05-15 11:35,53.4983,64.1022
2020-05-15 11:30,42.5302,54.0137
2020-05-15 11:25,32.8303,42.3791
2020-05-15 11:20,25.5531,31.1978
2020-05-15 11:15,19.9973,24.9140
2020-05-15 11:10,20.8543,20.5475
2020-05-15 11:05,26.9857,14.5303
2020-05-15 11:00,40.0622,27.4851
2020-05-15 10:55,46.1514,38.9416
2020-05-15 10:50,47.8714,53.7599
2020-05-15 10:45,42.1137,45.7528
2020-05-15 10:40,39.2016,44.1014
2020-05-15 10:35,41.8305,36.4868
2020-05-15 10:30,54.4099,37.0165
2020-05-15 10:25,72.0238,51.9882
2020-05-15 10:20,84.0781,74.2250
2020-05-15 10:15,87.7189,89.8582
2020-05-15 10:10,79.8013,88.1510
2020-05-15 10:05,66.7456,85.1475
2020-05-15 10:00,47.4909,66.1054
2020-05-15 09:55,35.2331,48.9839
2020-05-15 09:50,35.0612,27.3834
2020-05-15 09:45,48.5399,29.3319
2020-05-15 09:40,68.2126,48.4681
2020-05-15 09:35,77.8567,67.8196
2020-05-14 16:00,74.3444,88.3502
2020-05-14 15:55,61.5182,77.4003
2020-05-14 15:50,54.0863,57.2826
2020-05-14 15:45,61.4874,49.8716
2020-05-14 15:40,72.0043,55.1048
2020-05-14 15:35,81.4993,79.4857
2020-05-14 15:30,82.8416,81.4224
2020-05-14 15:25,85.9844,83.5898
2020-05-14 15:20,87.7568,83.5127
2020-05-14 15:15,85.3673,90.8508
2020-05-14 15:10,72.4356,88.9070
2020-05-14 15:05,53.5983,76.3441
2020-05-14 15:00,33.1332,52.0556
2020-05-14 14:55,21.7735,32.3950
2020-05-14 14:50,26.3143,14.9489
2020-05-14 14:45,46.0096,17.9767
2020-05-14 14:40,67.4454,46.0172
2020-05-14 14:35,74.6509,74.0349
2020-05-14 14:30,66.3861,82.2840
2020-05-14 14:25,51.3994,67.6340
2020-05-14 14:20,37.5795,49.2405
2020-05-14 14:15,29.4074,37.3239
2020-05-14 14:10,28.1548,26.1742
2020-05-14 14:05,28.8069,24.7242
2020-05-14 14:00,34.4779,33.5659
2020-05-14 13:55,39.6829,28.1306
2020-05-14 13:50,56.6774,41.7374
2020-05-14 13:45,67.5334,49.1809
2020-05-14 13:40,75.1847,79.1140
2020-05-14 13:35,70.0469,74.3052
2020-05-14 13:30,66.9465,72.1348
2020-05-14 13:25,63.8201,63.7006
2020-05-14 13:20,65.2612,65.0042
2020-05-14 13:15,70.6489,62.7554
2020-05-14 13:10,73.6680,68.0239
2020-05-14 13:05,70.7859,81.1674
2020-05-14 13:00,61.3975,71.8127
2020-05-14 12:55,61.4540,59.3776
2020-05-14 12:50,66.9927,53.0022
2020-05-14 12:45,75.5238,71.9822
2020-05-14 12:40,71.8843,75.9936
2020-05-14 12:35,63.2149,78.5955
2020-05-14 12:30,44.8608,61.0638
2020-05-14 12:25,31.8108,49.9855
2020-05-14 12:20,20.5034,23.5330
2020-05-14 12:15,22.6625,21.9138
2020-05-14 12:10,23.7485,16.0633
2020-05-14 12:05,32.2795,30.0104
2020-05-14 12:00,34.3495,25.1718
2020-05-14 11:55,41.7146,41.6564
2020-05-14 11:50,38.4058,36.2202
2020-05-14 11:45,37.0959,47.2671
2020-05-14 11:40,35.1763,31.7301
2020-05-14 11:35,47.0033,32.2904
2020-05-14 11:30,64.4889,41.5085
2020-05-14 11:25,80.3628,67.2111
2020-05-14 11:20,85.3543,84.7472
2020-05-14 11:15,85.4327,89.1302
2020-05-14 11:10,84.8715,82.1854
2020-05-14 11:05,83.3404,84.9825
2020-05-14 11:00,80.4411,87.4465
2020-05-14 10:55,70.5978,77.5923
2020-05-14 10:50,59.9713,76.2844
2020-05-14 10:45,42.3081,57.9167
2020-05-14 10:40,31.2124,45.7129
2020-05-14 10:35,30.9840,23.2946
2020-05-14 10:30,42.0839,24.6296
2020-05-14 10:25,53.1640,45.0277
2020-05-14 10:20,52.1184,56.5944
2020-05-14 10:15,40.6760,57.8699
2020-05-14 10:10,23.5735,41.8908
2020-05-14 10:05,10.9546,22.2671
2020-05-14 10:00,6.0775,6.5624
2020-05-14 09:55,9.5798,4.0342
2020-05-14 09:50,21.9434,7.6358
2020-05-14 09:45,42.1659,17.0694
2020-05-14 09:40,65.7817,41.1250
2020-05-14 09:35,82.4048,68.3034
2020-05-13 16:00,86.3339,87.9166
2020-05-13 15:55,83.5809,90.9943
2020-05-13 15:50,76.0624,80.0908
2020-05-13 15:45,65.5064,79.6575
2020-05-13 15:40,52.2159,68.4389
2020-05-13 15:35,40.9534,48.4227
2020-05-13 15:30,41.2128,39.7860
2020-05-13 15:25,47.9415,34.6514
2020-05-13 15:20,51.9663,49.2009
2020-05-13 15:15,47.1274,59.9722
2020-05-13 15:10,30.7979,46.7258
2020-05-13 15:05,18.8724,34.6841
2020-05-13 15:00,12.0633,10.9837
2020-05-13 14:55,13.1505,10.9493
2020-05-13 14:50,20.6255,14.2569
2020-05-13 14:45,32.8171,14.2454
2020-05-13 14:40,51.2036,33.3742
2020-05-13 14:35,66.1041,50.8317
2020-05-13 14:30,73.3248,69.4050
2020-05-13 14:25,66.0692,78.0756
2020-05-13 14:20,47.7240,72.4937
2020-05-13 14:15,25.6180,47.6383
2020-05-13 14:10,17.5904,23.0399
2020-05-13 14:05,20.4013,6.1757
2020-05-13 14:00,33.7654,23.5557
2020-05-13 13:55,37.0883,31.4726
2020-05-13 13:50,38.5742,46.2681
2020-05-13 13:45,32.8154,33.5243
2020-05-13 13:40,36.0309,35.9304
2020-05-13 13:35,38.9242,28.9916
2020-05-13 13:30,42.7326,43.1706
2020-05-13 13:25,35.3269,44.6105
2020-05-13 13:20,28.4006,40.4168
2020-05-13 13:15,29.0924,20.9533
2020-05-13 13:10,46.6883,23.8316
2020-05-13 13:05,66.3296,42.4923
2020-05-13 13:00,82.8499,73.7409
2020-05-13 12:55,89.3339,82.7557
2020-05-13 12:50,91.7912,92.0530
2020-05-13 12:45,83.8348,93.1930
2020-05-13 12:40,66.6335,90.1274
2020-05-13 12:35,43.1860,68.1839
2020-05-13 12:30,23.3554,41.5893
2020-05-13 12:25,10.3375,19.7848
2020-05-13 12:20,5.3984,8.6919
2020-05-13 12:15,5.2501,2.5357
2020-05-13 12:10,8.5661,4.9677
2020-05-13 12:05,11.0962,8.2470
2020-05-13 12:00,13.6469,12.4835
2020-05-13 11:55,17.3187,12.5582
2020-05-13 11:50,22.1933,15.8992
2020-05-13 11:45,24.5645,23.4989
2020-05-13 11:40,23.4124,27.1817
2020-05-13 11:35,23.0838,23.0128
2020-05-13 11:30,24.5288,20.0427
2020-05-13 11:25,26.3943,26.1958
2020-05-13 11:20,21.6350,27.3479
2020-05-13 11:15,15.6487,25.6392
2020-05-13 11:10,11.8183,11.9177
2020-05-13 11:05,19.1006,9.3892
2020-05-13 11:00,35.0266,14.1480
2020-05-13 10:55,56.4733,33.7645
2020-05-13 10:50,73.9704,57.1674
2020-05-13 10:45,82.4379,78.4881
2020-05-13 10:40,81.6953,86.2558
2020-05-13 10:35,78.0828,82.5698
2020-05-13 10:30,77.8478,76.2605
2020-05-13 10:25,81.2907,75.4183
2020-05-13 10:20,86.4182,81.8648
2020-05-13 10:15,89.9820,86.5889
2020-05-13 10:10,90.8879,90.8008
2020-05-13 10:05,86.9523,92.5562
2020-05-13 10:00,78.7648,89.3068
2020-05-13 09:55,63.4153,78.9937
2020-05-13 09:50,45.4259,67.9939
2020-05-13 09:45,25.4459,43.2584
2020-05-13 09:40,13.7021,25.0254
2020-05-13 09:35,7.9137,8.0538
2020-05-12 16:00,9.4398,8.0269
2020-05-12 15:55,11.3787,7.6605
2020-05-12 15:50,14.5544,12.6320
2020-05-12 15:45,14.2110,13.8436
2020-05-12 15:40,12.4639,17.1878
2020-05-12 15:35,8.7649,11.6018
2020-05-12 15:30,10.8968,8.6021
2020-05-12 15:25,20.4007,6.0909
2020-05-12 15:20,37.4711,17.9976
2020-05-12 15:15,53.9024,37.1137
2020-05-12 15:10,61.0059,57.3020
2020-05-12 15:05,56.6841,67.2915
2020-05-12 15:00,48.6565,58.4242
2020-05-12 14:55,42.9636,44.3365
2020-05-12 14:50,43.4099,43.2088
2020-05-12 14:45,41.0787,41.3454
2020-05-12 14:40,37.8447,45.6756
2020-05-12 14:35,28.7192,36.2152
2020-05-12 14:30,25.2782,31.6435
2020-05-12 14:25,28.6407,18.2990
2020-05-12 14:20,45.8228,25.8922
2020-05-12 14:15,64.4831,41.7310
2020-05-12 14:10,80.9426,69.8453
2020-05-12 14:05,87.5712,81.8729
2020-05-12 14:00,86.4728,91.1097
2020-05-12 13:55,77.2581,89.7311
2020-05-12 13:50,62.3807,78.5776
2020-05-12 13:45,44.9889,63.4656
2020-05-12 13:40,28.6091,45.0988
2020-05-12 13:35,16.0502,26.4022
2020-05-12 13:30,11.4786,14.3261
2020-05-12 13:25,12.2343,7.4224
2020-05-12 13:20,22.2978,12.6875
2020-05-12 13:15,38.2053,16.5930
2020-05-12 13:10,59.5924,37.6129
2020-05-12 13:05,76.7082,60.4100
2020-05-12 13:00,86.1432,80.7542
2020-05-12 12:55,88.2763,88.9603
2020-05-12 12:50,85.1626,88.7150
2020-05-12 12:45,80.7990,87.1536
2020-05-12 12:40,77.0870,79.6192
2020-05-12 12:35,74.4418,75.6241
2020-05-12 12:30,72.9559,76.0175
2020-05-12 12:25,73.4571,71.6839
2020-05-12 12:20,77.7477,71.1662
2020-05-12 12:15,77.6984,77.5212
2020-05-12 12:10,65.7934,84.5555
2020-05-12 12:05,46.3079,71.0184
2020-05-12 12:00,31.9084,41.8063
2020-05-12 11:55,26.4920,26.0991
2020-05-12 11:50,23.1119,27.8198
2020-05-12 11:45,24.7742,25.5571
2020-05-12 11:40,37.3302,15.9587
2020-05-12 11:35,63.3240,32.8067
2020-05-12 11:30,83.7072,63.2251
2020-05-12 11:25,94.3186,93.9401
2020-05-12 11:20,93.3882,93.9563
2020-05-12 11:15,89.8177,95.0594
2020-05-12 11:10,80.2039,91.1489
2020-05-12 11:05,71.0945,83.2450
2020-05-12 11:00,65.8867,66.2177
2020-05-12 10:55,70.7325,63.8209
2020-05-12 10:50,74.6724,67.6215
2020-05-12 10:45,76.9562,80.7552
2020-05-12 10:40,74.4471,75.6404
2020-05-12 10:35,73.5115,74.4732
2020-05-12 10:30,67.2313,73.2278
2020-05-12 10:25,56.9503,72.8335
2020-05-12 10:20,46.2744,55.6327
2020-05-12 10:15,39.4531,42.3846
2020-05-12 10:10,37.6528,40.8059
2020-05-12 10:05,38.7063,35.1689
2020-05-12 10:00,49.4845,36.9836
2020-05-12 09:55,61.3610,43.9664
2020-05-12 09:50,62.4409,67.5035
2020-05-12 09:45,50.1965,72.6130
2020-05-12 09:40,29.3944,47.2061
2020-05-12 09:35,19.4721,30.7703
2020-05-11 16:00,17.6891,10.2069
2020-05-11 15:55,22.9215,17.4390
2020-05-11 15:50,25.3475,25.4215
2020-05-11 15:45,22.8411,25.9039
2020-05-11 15:40,27.2692,24.7170
2020-05-11 15:35,34.7709,17.9023
2020-05-11 15:30,51.8742,39.1882
2020-05-11 15:25,64.9964,47.2222
2020-05-11 15:20,78.5623,69.2121
2020-05-11 15:15,84.4717,78.5550
2020-05-11 15:10,87.5421,87.9197
2020-05-11 15:05,89.5602,86.9402
2020-05-11 15:00,91.8669,87.7664
2020-05-11 14:55,92.6379,93.9740
2020-05-11 14:50,87.2890,93.8602
2020-05-11 14:45,82.1031,90.0794
2020-05-11 14:40,77.7136,77.9275
2020-05-11 14:35,74.2801,78.3024
2020-05-11 14:30,65.8508,76.9110
2020-05-11 14:25,53.3006,67.6268
2020-05-11 14:20,45.7470,53.0144
2020-05-11 14:15,44.9187,39.2605
2020-05-11 14:10,47.1314,44.9662
2020-05-11 14:05,49.6693,50.5295
2020-05-11 14:00,52.9353,45.8985
2020-05-11 13:55,64.9323,52.5799
2020-05-11 13:50,78.2615,60.3275
2020-05-11 13:45,89.8412,81.8895
2020-05-11 13:40,94.9551,92.5677
2020-05-11 13:35,95.9017,95.0664
2020-05-11 13:30,96.2299,97.2312
2020-05-11 13:25,94.3937,95.4076
2020-05-11 13:20,89.1505,96.0510
2020-05-11 13:15,76.9943,91.7224
2020-05-11 13:10,57.3642,79.6782
2020-05-11 13:05,37.1514,59.5822
2020-05-11 13:00,22.6151,32.8323
2020-05-11 12:55,26.9314,19.0396
2020-05-11 12:50,43.2761,15.9733
2020-05-11 12:45,66.8740,45.7814
2020-05-11 12:40,76.0246,68.0737
2020-05-11 12:35,73.2143,86.7669
2020-05-11 12:30,55.0020,73.2331
2020-05-11 12:25,40.7525,59.6427
2020-05-11 12:20,28.9926,32.1302
2020-05-11 12:15,30.4038,30.4845
2020-05-11 12:10,34.6732,24.3632
2020-05-11 12:05,47.7423,36.3638
2020-05-11 12:00,62.0675,43.2927
2020-05-11 11:55,76.3326,63.5703
2020-05-11 11:50,85.3372,79.3396
2020-05-11 11:45,90.5129,86.0879
2020-05-11 11:40,93.7957,90.5840
2020-05-11 11:35,93.3730,94.8668
2020-05-11 11:30,89.2010,95.9362
2020-05-11 11:25,78.4459,89.3161
2020-05-11 11:20,65.8619,82.3507
2020-05-11 11:15,54.4682,63.6709
2020-05-11 11:10,55.1247,51.5642
2020-05-11 11:05,64.8718,48.1696
2020-05-11 11:00,76.6223,65.6403
2020-05-11 10:55,81.6771,80.8055
2020-05-11 10:50,82.3590,83.4213
2020-05-11 10:45,84.7220,80.8045
2020-05-11 10:40,87.4162,82.8513
2020-05-11 10:35,89.1458,90.5101
2020-05-11 10:30,88.1493,88.8870
2020-05-11 10:25,89.7764,88.0404
2020-05-11 10:20,90.3815,87.5206
2020-05-11 10:15,90.4543,93.7681
2020-05-11 10:10,86.4646,89.8556
2020-05-11 10:05,82.1390,87.7392
2020-05-11 10:00,76.0635,81.7990
2020-05-11 09:55,67.5030,76.8787
2020-05-11 09:50,61.2750,69.5129
2020-05-11 09:45,59.5104,56.1175
2020-05-11 09:40,64.6391,58.1946
2020-05-11 09:35,70.3859,64.2191
2020-05-08 16:00,74.3585,71.5035
2020-05-08 15:55,79.0117,75.4351
2020-05-08 15:50,84.1391,76.1370
2020-05-08 15:45,86.4651,85.4630
2020-05-08 15:40,84.0736,90.8173
2020-05-08 15:35,76.1526,83.1150
2020-05-08 15:30,71.9728,78.2884
2020-05-08 15:25,70.6958,67.0544
2020-05-08 15:20,73.8188,70.5755
2020-05-08 15:15,74.9426,74.4575
2020-05-08 15:10,73.7366,76.4236
2020-05-08 15:05,71.0533,73.9469
2020-05-08 15:00,63.6139,70.8395
2020-05-08 14:55,59.3802,68.3736
2020-05-08 14:50,58.9009,51.6286
2020-05-08 14:45,72.3871,58.1384
2020-05-08 14:40,82.2338,66.9357
2020-05-08 14:35,90.4576,92.0873
2020-05-08 14:30,81.7940,87.6785
2020-05-08 14:25,67.4710,91.6071
2020-05-08 14:20,43.9432,66.0964
2020-05-08 14:15,28.0009,44.7094
2020-05-08 14:10,19.8761,21.0238
2020-05-08 14:05,19.2400,18.2695
2020-05-08 14:00,23.1798,20.3351
2020-05-08 13:55,29.9788,19.1155
2020-05-08 13:50,37.2066,30.0888
2020-05-08 13:45,36.4389,40.7322
2020-05-08 13:40,26.6794,40.7988
2020-05-08 13:35,19.7079,27.7856
2020-05-08 13:30,22.7821,11.4538
2020-05-08 13:25,40.4199,19.8842
2020-05-08 13:20,56.5501,37.0083
2020-05-08 13:15,64.0741,64.3673
2020-05-08 13:10,58.4121,68.2746
2020-05-08 13:05,55.1785,59.5803
2020-05-08 13:00,61.0585,47.3812
2020-05-08 12:55,72.6423,58.5740
2020-05-08 12:50,75.9359,77.2202
2020-05-08 12:45,70.3377,82.1329
2020-05-08 12:40,61.0648,68.4546
2020-05-08 12:35,58.5410,60.4256
2020-05-08 12:30,61.8470,54.3142
2020-05-08 12:25,71.7838,60.8834
2020-05-08 12:20,82.5284,70.3435
2020-05-08 12:15,90.7216,84.1246
2020-05-08 12:10,93.5680,93.1172
2020-05-08 12:05,93.2789,94.9230
2020-05-08 12:00,92.1865,92.6637
2020-05-08 11:55,93.3218,92.2500
2020-05-08 11:50,90.1240,91.6457
2020-05-08 11:45,85.2908,96.0696
2020-05-08 11:40,71.7635,82.6567
2020-05-08 11:35,61.2290,77.1460
2020-05-08 11:30,49.5431,55.4877
2020-05-08 11:25,45.2698,51.0532
2020-05-08 11:20,41.6708,42.0883
2020-05-08 11:15,42.7033,42.6678
2020-05-08 11:10,46.1451,40.2562
2020-05-08 11:05,54.2383,45.1860
2020-05-08 11:00,64.5966,52.9931
2020-05-08 10:55,75.2962,64.5356
2020-05-08 10:50,85.2776,76.2610
2020-05-08 10:45,89.3059,85.0921
2020-05-08 10:40,92.0895,94.4798
2020-05-08 10:35,88.4380,88.3459
2020-05-08 10:30,83.9976,93.4429
2020-05-08 10:25,75.7430,83.5251
2020-05-08 10:20,68.0984,75.0249
2020-05-08 10:15,60.1168,68.6789
2020-05-08 10:10,52.7439,60.5913
2020-05-08 10:05,50.4593,51.0802
2020-05-08 10:00,56.3260,46.5603
2020-05-08 09:55,62.6157,53.7376
2020-05-08 09:50,66.9759,68.6803
2020-05-08 09:45,63.4344,65.4294
2020-05-08 09:40,58.2985,66.8181
2020-05-08 09:35,49.4776,58.0558
2020-05-07 16:00,44.2598,50.0216
2020-05-07 15:55,44.9563,40.3555
2020-05-07 15:50,50.5169,42.4022
2020-05-07 15:45,54.5297,52.1111
2020-05-07 15:40,51.6577,57.0373
2020-05-07 15:35,49.6267,54.4406
2020-05-07 15:30,52.7827,43.4953
2020-05-07 15:25,60.7513,50.9442
2020-05-07 15:20,64.7198,63.9085
2020-05-07 15:15,61.5148,67.4013
2020-05-07 15:10,60.1826,62.8496
2020-05-07 15:05,60.8028,54.2935
2020-05-07 15:00,65.3982,63.4047
2020-05-07 14:55,64.4402,64.7103
2020-05-07 14:50,59.1965,68.0797
2020-05-07 14:45,46.6303,60.5305
2020-05-07 14:40,33.3519,48.9793
2020-05-07 14:35,27.4969,30.3812
2020-05-07 14:30,29.9526,20.6954
2020-05-07 14:25,35.4725,31.4143
2020-05-07 14:20,35.1540,37.7482
2020-05-07 14:15,34.0931,37.2551
2020-05-07 14:10,38.2029,30.4588
2020-05-07 14:05,45.1465,34.5655
2020-05-07 14:00,48.3937,49.5845
2020-05-07 13:55,47.3747,51.2896
2020-05-07 13:50,41.3408,44.3071
2020-05-07 13:45,35.6365,46.5274
2020-05-07 13:40,28.5391,33.1880
2020-05-07 13:35,33.2427,27.1941
2020-05-07 13:30,45.5686,25.2352
2020-05-07 13:25,58.8817,47.2987
2020-05-07 13:20,65.5004,64.1720
2020-05-07 13:15,66.1105,65.1743
2020-05-07 13:10,63.8157,67.1550
2020-05-07 13:05,58.2861,66.0023
2020-05-07 13:00,52.2592,58.2899
2020-05-07 12:55,45.5312,50.5662
2020-05-07 12:50,43.3179,47.9216
2020-05-07 12:45,43.1962,38.1059
2020-05-07 12:40,55.0720,43.9264
2020-05-07 12:35,61.4311,47.5563
2020-05-07 12:30,63.9474,73.7334
2020-05-07 12:25,51.9204,63.0035
2020-05-07 12:20,44.5529,55.1052
2020-05-07 12:15,44.0256,37.6524
2020-05-07 12:10,53.6486,40.9010
2020-05-07 12:05,66.8299,53.5235
2020-05-07 12:00,75.0461,66.5213
2020-05-07 11:55,79.8610,80.4450
2020-05-07 11:50,73.7719,78.1722
2020-05-07 11:45,66.9079,80.9658
2020-05-07 11:40,57.7985,62.1779
2020-05-07 11:35,58.4522,57.5800
2020-05-07 11:30,65.7743,53.6377
2020-05-07 11:25,73.2575,64.1390
2020-05-07 11:20,74.3850,79.5463
2020-05-07 11:15,65.2920,76.0874
2020-05-07 11:10,51.7709,67.5214
2020-05-07 11:05,36.4082,52.2671
2020-05-07 11:00,22.2613,35.5242
2020-05-07 10:55,17.0822,21.4334
2020-05-07 10:50,22.0050,9.8264
2020-05-07 10:45,34.8553,19.9869
2020-05-07 10:40,45.5597,36.2016
2020-05-07 10:35,45.3857,48.3774
2020-05-07 10:30,40.2263,52.1003
2020-05-07 10:25,36.0673,35.6793
2020-05-07 10:20,44.0904,32.8993
2020-05-07 10:15,54.5190,39.6232
2020-05-07 10:10,62.7436,59.7488
2020-05-07 10:05,65.7267,64.1848
2020-05-07 10:00,68.6465,64.2972
2020-05-07 09:55,74.3388,68.6979
2020-05-07 09:50,69.8795,72.9444
2020-05-07 09:45,58.4057,81.3741
2020-05-07 09:40,33.8156,55.3199
2020-05-07 09:35,22.5341,38.5230
2020-05-06 16:00,16.9893,7.6038
2020-05-06 15:55,23.3053,21.4755
2020-05-06 15:50,29.7485,21.8884
2020-05-06 15:45,42.9155,26.5519
2020-05-06 15:40,60.6040,40.8053
2020-05-06 15:35,68.4089,61.3892
2020-05-06 15:30,66.9370,79.6175
2020-05-06 15:25,54.3032,64.2200
2020-05-06 15:20,43.5858,56.9736
2020-05-06 15:15,37.0268,41.7160
2020-05-06 15:10,42.7291,32.0678
2020-05-06 15:05,61.5144,37.2966
2020-05-06 15:00,80.1892,58.8230
2020-05-06 14:55,91.0851,88.4237
2020-05-06 14:50,85.8934,93.3209
2020-05-06 14:45,78.7184,91.5106
2020-05-06 14:40,71.3333,72.8489
2020-05-06 14:35,69.9403,71.7957
2020-05-06 14:30,64.2317,69.3553
2020-05-06 14:25,54.8359,68.6700
2020-05-06 14:20,44.0019,54.6698
2020-05-06 14:15,37.3459,41.1680
2020-05-06 14:10,37.9931,36.1679
2020-05-06 14:05,44.7012,34.7018
2020-05-06 14:00,56.9333,43.1095
2020-05-06 13:55,68.0853,56.2923
2020-05-06 13:50,71.7949,71.3980
2020-05-06 13:45,62.2457,76.5656
2020-05-06 13:40,42.8486,67.4211
2020-05-06 13:35,23.1944,42.7503
2020-05-06 13:30,11.2981,18.3744
2020-05-06 13:25,10.7629,8.4584
2020-05-06 13:20,16.7306,7.0614
2020-05-06 13:15,30.5343,16.7689
2020-05-06 13:10,44.7116,26.3614
2020-05-06 13:05,57.6597,48.4727
2020-05-06 13:00,62.0163,59.3008
2020-05-06 12:55,60.7505,65.2056
2020-05-06 12:50,51.7845,61.5424
2020-05-06 12:45,43.6757,55.5034
2020-05-06 12:40,42.6811,38.3078
2020-05-06 12:35,55.1624,37.2160
2020-05-06 12:30,69.6989,52.5195
2020-05-06 12:25,77.6971,75.7517
2020-05-06 12:20,80.5786,80.8257
2020-05-06 12:15,79.6040,76.5139
2020-05-06 12:10,76.0263,84.3963
2020-05-06 12:05,65.9144,77.9017
2020-05-06 12:00,59.5887,65.7808
2020-05-06 11:55,55.6123,54.0608
2020-05-06 11:50,55.0059,58.9246
2020-05-06 11:45,45.7830,53.8514
2020-05-06 11:40,40.8322,52.2417
2020-05-06 11:35,35.7929,31.2558
2020-05-06 11:30,45.5833,38.9992
2020-05-06 11:25,56.0468,37.1236
2020-05-06 11:20,68.4369,60.6272
2020-05-06 11:15,73.6678,70.3896
2020-05-06 11:10,76.2464,74.2939
2020-05-06 11:05,80.9361,76.3200
2020-05-06 11:00,85.7910,78.1255
2020-05-06 10:55,90.0630,88.3628
2020-05-06 10:50,89.1334,90.8846
2020-05-06 10:45,81.5400,90.9415
2020-05-06 10:40,66.9113,85.5740
2020-05-06 10:35,48.5401,68.1044
2020-05-06 10:30,32.3163,47.0555
2020-05-06 10:25,20.4302,30.4605
2020-05-06 10:20,15.6858,19.4329
2020-05-06 10:15,20.9158,11.3973
2020-05-06 10:10,38.4450,16.2272
2020-05-06 10:05,59.3238,35.1229
2020-05-06 10:00,76.4114,63.9849
2020-05-06 09:55,83.8134,78.8634
2020-05-06 09:50,81.0464,86.3859
2020-05-06 09:45,74.9336,86.1909
2020-05-06 09:40,61.2363,70.5623
2020-05-06 09:35,51.7007,68.0477
2020-05-05 16:00,35.4741,45.0989
2020-05-05 15:55,26.0238,41.9555
2020-05-05 15:50,15.2808,19.3678
2020-05-05 15:45,15.8364,16.7482
2020-05-05 15:40,16.2736,9.7265
2020-05-05 15:35,23.9796,21.0345
2020-05-05 15:30,33.0209,18.0598
2020-05-05 15:25,52.2678,32.8446
2020-05-05 15:20,71.3551,48.1584
2020-05-05 15:15,86.2666,75.8004
2020-05-05 15:10,92.5344,90.1064
2020-05-05 15:05,89.4364,92.8931
2020-05-05 15:00,79.7409,94.6036
2020-05-05 14:55,63.4583,80.8125
2020-05-05 14:50,56.8639,63.8068
2020-05-05 14:45,61.6551,45.7556
2020-05-05 14:40,76.8960,61.0292
2020-05-05 14:35,84.2678,78.1805
2020-05-05 14:30,85.2815,91.4781
2020-05-05 14:25,78.2800,83.1448
2020-05-05 14:20,72.2954,81.2216
2020-05-05 14:15,64.4937,70.4735
2020-05-05 14:10,65.1337,65.1912
2020-05-05 14:05,70.1123,57.8165
2020-05-05 14:00,73.9282,72.3934
2020-05-05 13:55,72.3698,80.1268
2020-05-05 13:50,68.9906,69.2643
2020-05-05 13:45,76.0488,67.7183
2020-05-05 13:40,84.1337,69.9892
2020-05-05 13:35,89.2515,90.4391
2020-05-05 13:30,82.5788,91.9728
2020-05-05 13:25,70.0330,85.3428
2020-05-05 13:20,61.2771,70.4208
2020-05-05 13:15,62.2581,54.3353
2020-05-05 13:10,70.0350,59.0751
2020-05-05 13:05,69.3695,73.3637
2020-05-05 13:00,55.7327,77.6662
2020-05-05 12:55,36.4707,57.0786
2020-05-05 12:50,23.3609,32.4535
2020-05-05 12:45,24.0396,19.8801
2020-05-05 12:40,36.8421,17.7490
2020-05-05 12:35,56.9221,34.4896
2020-05-05 12:30,73.5472,58.2877
2020-05-05 12:25,81.1812,77.9891
2020-05-05 12:20,82.6659,84.3647
2020-05-05 12:15,81.1347,81.1898
2020-05-05 12:10,80.4704,82.4432
2020-05-05 12:05,79.3409,79.7712
2020-05-05 12:00,77.4078,79.1967
2020-05-05 11:55,77.8794,79.0547
2020-05-05 11:50,78.9025,73.9719
2020-05-05 11:45,83.5032,80.6117
2020-05-05 11:40,86.0232,82.1240
2020-05-05 11:35,81.7834,87.7739
2020-05-05 11:30,67.8378,88.1718
2020-05-05 11:25,44.4970,69.4044
2020-05-05 11:20,29.6851,45.9372
2020-05-05 11:15,26.9423,18.1494
2020-05-05 11:10,38.3565,24.9686
2020-05-05 11:05,52.6800,37.7089
2020-05-05 11:00,66.1882,52.3921
2020-05-05 10:55,79.0939,67.9388
2020-05-05 10:50,82.5649,78.2337
2020-05-05 10:45,80.2210,91.1091
2020-05-05 10:40,69.8494,78.3520
2020-05-05 10:35,59.2879,71.2018
2020-05-05 10:30,50.8558,59.9944
2020-05-05 10:25,48.6692,46.6675
2020-05-05 10:20,56.6140,45.9056
2020-05-05 10:15,68.6070,53.4345
2020-05-05 10:10,79.1965,70.5020
2020-05-05 10:05,86.2295,81.8845
2020-05-05 10:00,88.4109,85.2028
2020-05-05 09:55,88.6895,91.6011
2020-05-05 09:50,83.8142,88.4287
2020-05-05 09:45,76.9631,86.0386
2020-05-05 09:40,69.8923,76.9752
2020-05-05 09:35,67.5553,67.8754
2020-05-04 16:00,69.5798,64.8262
2020-05-04 15:55,74.5303,69.9643
2020-05-04 15:50,78.7725,73.9488
2020-05-04 15:45,81.7939,79.6779
2020-05-04 15:40,82.0454,82.6907
2020-05-04 15:35,80.1956,83.0131
2020-05-04 15:30,80.3862,80.4324
2020-05-04 15:25,81.0319,77.1414
2020-05-04 15:20,83.9622,83.5848
2020-05-04 15:15,85.5412,82.3696
2020-05-04 15:10,87.3120,85.9323
2020-05-04 15:05,78.8256,88.3216
2020-05-04 15:00,59.5368,87.6821
2020-05-04 14:55,38.0284,60.4730
2020-05-04 14:50,35.9140,30.4554
2020-05-04 14:45,50.2297,23.1568
2020-05-04 14:40,69.2290,54.1298
2020-05-04 14:35,76.9644,73.4027
2020-05-04 14:30,76.6630,80.1547
2020-05-04 14:25,73.4981,77.3358
2020-05-04 14:20,72.4116,72.4985
2020-05-04 14:15,76.0987,70.6600
2020-05-04 14:10,82.5243,74.0763
2020-05-04 14:05,87.1969,83.5598
2020-05-04 14:00,88.5799,89.9369
2020-05-04 13:55,87.4453,88.0939
2020-05-04 13:50,83.0925,87.7090
2020-05-04 13:45,76.0283,86.5332
2020-05-04 13:40,61.3098,75.0355
2020-05-04 13:35,45.4539,66.5163
2020-05-04 13:30,28.8771,42.3776
2020-05-04 13:25,22.7850,27.4677
2020-05-04 13:20,23.9895,16.7859
2020-05-04 13:15,26.8233,24.1015
2020-05-04 13:10,23.9879,31.0811
2020-05-04 13:05,18.3777,25.2874
2020-05-04 13:00,15.9893,15.5952
2020-05-04 12:55,16.4939,14.2505
2020-05-04 12:50,18.5208,18.1221
2020-05-04 12:45,21.9579,17.1091
2020-05-04 12:40,28.2528,20.3312
2020-05-04 12:35,31.6731,28.4332
2020-05-04 12:30,35.2010,35.9941
2020-05-04 12:25,42.1670,30.5920
2020-05-04 12:20,53.7956,39.0169
2020-05-04 12:15,64.8446,56.8921
2020-05-04 12:10,70.4403,65.4778
2020-05-04 12:05,77.7167,72.1640
2020-05-04 12:00,83.6642,73.6791
2020-05-04 11:55,87.9809,87.3070
2020-05-04 11:50,82.4342,90.0066
2020-05-04 11:45,74.0363,86.6292
2020-05-04 11:40,62.9162,70.6670
2020-05-04 11:35,59.9130,64.8126
2020-05-04 11:30,60.5618,53.2691
2020-05-04 11:25,68.8800,61.6572
2020-05-04 11:20,73.3005,66.7591
2020-05-04 11:15,72.3080,78.2237
2020-05-04 11:10,65.4336,74.9186
2020-05-04 11:05,61.6213,63.7816
2020-05-04 11:00,59.5832,57.6006
2020-05-04 10:55,53.5395,63.4817
2020-05-04 10:50,43.0013,57.6675
2020-05-04 10:45,36.1206,39.4694
2020-05-04 10:40,42.3328,31.8671
2020-05-04 10:35,54.3568,37.0254
2020-05-04 10:30,67.8144,58.1059
2020-05-04 10:25,76.9939,67.9391
2020-05-04 10:20,82.9835,77.3983
2020-05-04 10:15,85.2546,85.6442
2020-05-04 10:10,78.6225,85.9081
2020-05-04 10:05,64.7145,84.2114
2020-05-04 10:00,44.0150,65.7481
2020-05-04 09:55,28.6619,44.1840
2020-05-04 09:50,22.9109,22.1131
2020-05-04 09:45,23.3730,19.6885
2020-05-04 09:40,25.3903,26.9310
2020-05-04 09:35,21.6963,23.4995
2020-05-01 16:00,20.7760,25.7403
2020-05-01 15:55,15.6101,15.8491
2020-05-01 15:50,15.0345,20.7385
2020-05-01 15:45,11.8860,10.2427
2020-05-01 15:40,19.5428,14.1223
2020-05-01 15:35,32.2789,11.2931
2020-05-01 15:30,50.5722,33.2130
2020-05-01 15:25,61.5626,52.3307
2020-05-01 15:20,64.9571,66.1730
2020-05-01 15:15,63.1230,66.1841
2020-05-01 15:10,60.5403,62.5144
2020-05-01 15:05,58.9069,60.6704
2020-05-01 15:00,63.7398,58.4360
2020-05-01 14:55,70.4155,57.6144
2020-05-01 14:50,81.1546,75.1690
2020-05-01 14:45,86.2255,78.4630
2020-05-01 14:40,87.6692,89.8316
2020-05-01 14:35,76.1436,90.3820
2020-05-01 14:30,57.5119,82.7941
2020-05-01 14:25,44.0776,55.2546
2020-05-01 14:20,46.5721,34.4871
2020-05-01 14:15,58.5033,42.4910
2020-05-01 14:10,68.8651,62.7382
2020-05-01 14:05,72.8831,70.2805
2020-05-01 14:00,72.3369,73.5764
2020-05-01 13:55,66.7221,74.7924
2020-05-01 13:50,58.1879,68.6420
2020-05-01 13:45,49.4785,56.7320
2020-05-01 13:40,41.2840,49.1896
2020-05-01 13:35,29.3536,42.5140
2020-05-01 13:30,24.4067,32.1483
2020-05-01 13:25,31.8034,13.3987
2020-05-01 13:20,52.0277,27.6732
2020-05-01 13:15,67.8822,54.3385
2020-05-01 13:10,66.4872,74.0713
2020-05-01 13:05,52.6391,75.2369
2020-05-01 13:00,31.7512,50.1533
2020-05-01 12:55,19.2693,32.5272
2020-05-01 12:50,12.0261,12.5730
2020-05-01 12:45,10.8117,12.7077
2020-05-01 12:40,14.0302,10.7977
2020-05-01 12:35,21.0364,8.9299
2020-05-01 12:30,30.0963,22.3631
2020-05-01 12:25,27.7163,31.8161
2020-05-01 12:20,19.8752,36.1095
2020-05-01 12:15,11.3612,15.2234
2020-05-01 12:10,10.5286,8.2927
2020-05-01 12:05,14.7029,10.5675
2020-05-01 12:00,22.8190,12.7255
2020-05-01 11:55,30.3003,20.8159
2020-05-01 11:50,32.7166,34.9156
2020-05-01 11:45,25.6785,35.1695
2020-05-01 11:40,18.4882,28.0647
2020-05-01 11:35,20.4860,13.8013
2020-05-01 11:30,35.4913,13.5985
2020-05-01 11:25,56.3717,34.0582
2020-05-01 11:20,70.8970,58.8171
2020-05-01 11:15,69.0337,76.2399
2020-05-01 11:10,56.4432,77.6339
2020-05-01 11:05,36.6297,53.2272
2020-05-01 11:00,26.5904,38.4683
2020-05-01 10:55,22.1331,18.1935
2020-05-01 10:50,25.4290,23.1095
2020-05-01 10:45,26.9725,25.0963
2020-05-01 10:40,32.3555,28.0812
2020-05-01 10:35,43.1707,27.7401
2020-05-01 10:30,60.4263,41.2452
2020-05-01 10:25,76.8231,60.5267
2020-05-01 10:20,87.2131,79.5069
2020-05-01 10:15,90.2771,90.4356
2020-05-01 10:10,86.6709,91.6969
2020-05-01 10:05,79.7435,88.6988
2020-05-01 10:00,73.1570,79.6171
2020-05-01 09:55,67.4389,70.9147
2020-05-01 09:50,68.3115,68.9393
2020-05-01 09:45,71.9055,62.4626
2020-05-01 09:40,72.3410,73.5327
2020-05-01 09:35,59.6208,79.7213
2020-04-30 16:00,41.6992,63.7689
2020-04-30 15:55,36.1381,35.3721
2020-04-30 15:50,45.6279,25.9565
2020-04-30 15:45,60.9038,47.0858
2020-04-30 15:40,71.6646,63.8413
2020-04-30 15:35,77.6006,71.7844
2020-04-30 15:30,80.3150,79.3681
2020-04-30 15:25,74.2986,81.6495
2020-04-30 15:20,62.6670,79.9275
2020-04-30 15:15,44.6016,61.3190
2020-04-30 15:10,39.7993,46.7546
2020-04-30 15:05,46.2064,25.7311
2020-04-30 15:00,62.3961,46.9121
2020-04-30 14:55,71.1153,65.9760
2020-04-30 14:50,74.6732,74.3001
2020-04-30 14:45,79.6702,73.0697
2020-04-30 14:40,81.2354,76.6497
2020-04-30 14:35,78.9326,89.2910
2020-04-30 14:30,66.0774,77.7656
2020-04-30 14:25,57.0269,69.7412
2020-04-30 14:20,48.6408,50.7255
2020-04-30 14:15,53.2420,50.6141
2020-04-30 14:10,60.5755,44.5827
2020-04-30 14:05,72.1344,64.5293
2020-04-30 14:00,73.1235,72.6144
2020-04-30 13:55,72.1083,79.2595
2020-04-30 13:50,68.8704,67.4966
2020-04-30 13:45,69.5877,69.5688
2020-04-30 13:40,66.6328,69.5458
2020-04-30 13:35,65.3100,69.6484
2020-04-30 13:30,65.5397,60.7041
2020-04-30 13:25,67.0005,65.5774
2020-04-30 13:20,66.1599,70.3375
2020-04-30 13:15,67.0211,65.0865
2020-04-30 13:10,73.4353,63.0557
2020-04-30 13:05,79.1242,72.9210
2020-04-30 13:00,81.8203,84.3293
2020-04-30 12:55,75.4395,80.1223
2020-04-30 12:50,68.4462,81.0093
2020-04-30 12:45,53.4956,65.1869
2020-04-30 12:40,43.4546,59.1423
2020-04-30 12:35,35.6283,36.1575
2020-04-30 12:30,33.0315,35.0641
2020-04-30 12:25,31.0186,35.6632
2020-04-30 12:20,23.5641,28.3673
2020-04-30 12:15,18.0431,29.0253
2020-04-30 12:10,9.0002,13.2998
2020-04-30 12:05,12.9457,11.8043
2020-04-30 12:00,20.3997,1.8964
2020-04-30 11:55,31.7121,25.1365
2020-04-30 11:50,28.6677,34.1660
2020-04-30 11:45,20.8429,35.8339
2020-04-30 11:40,12.7429,16.0031
2020-04-30 11:35,13.6352,10.6918
2020-04-30 11:30,24.4757,11.5337
2020-04-30 11:25,43.7483,18.6800
2020-04-30 11:20,64.4982,43.2132
2020-04-30 11:15,75.4994,69.3517
2020-04-30 11:10,74.4374,80.9296
2020-04-30 11:05,62.6822,76.2169
2020-04-30 11:00,50.8432,66.1657
2020-04-30 10:55,44.2709,45.6642
2020-04-30 10:50,51.4262,40.6996
2020-04-30 10:45,53.9662,46.4489
2020-04-30 10:40,47.4928,67.1302
2020-04-30 10:35,28.5794,48.3197
2020-04-30 10:30,22.3409,27.0284
2020-04-30 10:25,29.7901,10.3900
2020-04-30 10:20,49.5174,29.6043
2020-04-30 10:15,67.0907,49.3761
2020-04-30 10:10,81.2601,69.5717
2020-04-30 10:05,90.7414,82.3244
2020-04-30 10:00,94.0677,91.8842
2020-04-30 09:55,92.0682,98.0155
2020-04-30 09:50,80.1543,92.3034
2020-04-30 09:45,62.3776,85.8858
2020-04-30 09:40,41.6057,62.2737
2020-04-30 09:35,33.8801,38.9732
2020-04-29 16:00,42.2174,23.5701
2020-04-29 15:55,62.0960,39.0968
2020-04-29 15:50,78.4567,63.9853
2020-04-29 15:45,86.5465,83.2058
2020-04-29 15:40,83.5705,88.1791
2020-04-29 15:35,75.9576,88.2548
2020-04-29 15:30,62.2876,74.2777
2020-04-29 15:25,54.3978,65.3403
2020-04-29 15:20,51.6763,47.2450
2020-04-29 15:15,57.9911,50.6081
2020-04-29 15:10,67.4555,57.1760
2020-04-29 15:05,75.7126,66.1893
2020-04-29 15:00,83.5835,79.0012
2020-04-29 14:55,86.2962,81.9471
2020-04-29 14:50,87.1238,89.8022
2020-04-29 14:45,83.6085,87.1394
2020-04-29 14:40,73.4060,84.4298
2020-04-29 14:35,57.1230,79.2562
2020-04-29 14:30,38.7904,56.5320
2020-04-29 14:25,31.8494,35.5809
2020-04-29 14:20,37.6919,24.2582
2020-04-29 14:15,48.8823,35.7092
2020-04-29 14:10,56.9948,53.1084
2020-04-29 14:05,54.3993,57.8295
2020-04-29 14:00,45.9266,60.0466
2020-04-29 13:55,30.7223,45.3219
2020-04-29 13:50,18.7674,32.4112
2020-04-29 13:45,11.7069,14.4337
2020-04-29 13:40,17.8331,9.4573
2020-04-29 13:35,34.3440,11.2299
2020-04-29 13:30,57.5448,32.8121
2020-04-29 13:25,71.7050,58.9899
2020-04-29 13:20,68.9618,80.8324
2020-04-29 13:15,57.0231,75.2926
2020-04-29 13:10,50.0595,50.7604
2020-04-29 13:05,58.6908,45.0164
2020-04-29 13:00,72.4086,54.4018
2020-04-29 12:55,81.0544,76.6541
2020-04-29 12:50,80.7391,86.1700
2020-04-29 12:45,74.0825,80.3390
2020-04-29 12:40,65.1565,75.7083
2020-04-29 12:35,52.9370,66.2000
2020-04-29 12:30,40.5595,53.5611
2020-04-29 12:25,33.3887,39.0498
2020-04-29 12:20,29.6252,29.0674
2020-04-29 12:15,32.5996,32.0489
2020-04-29 12:10,35.4562,27.7594
2020-04-29 12:05,42.0381,37.9906
2020-04-29 12:00,39.8958,40.6186
2020-04-29 11:55,37.5641,47.5050
2020-04-29 11:50,32.6825,31.5638
2020-04-29 11:45,38.7760,33.6233
2020-04-29 11:40,45.1960,32.8603
2020-04-29 11:35,54.0601,49.8446
2020-04-29 11:30,51.3551,52.8833
2020-04-29 11:25,44.1528,59.4524
2020-04-29 11:20,29.2629,41.7297
2020-04-29 11:15,20.2329,31.2762
2020-04-29 11:10,14.0228,14.7828
2020-04-29 11:05,18.9723,14.6398
2020-04-29 11:00,29.4887,12.6459
2020-04-29 10:55,49.1024,29.6311
2020-04-29 10:50,67.1450,46.1892
2020-04-29 10:45,83.5865,71.4870
2020-04-29 10:40,90.9703,83.7587
2020-04-29 10:35,89.4665,95.5136
2020-04-29 10:30,75.8439,93.6385
2020-04-29 10:25,59.2089,79.2475
2020-04-29 10:20,49.5848,54.6456
2020-04-29 10:15,52.8882,43.7335
