timestamp,open,high,low,close,volume
2021-04-01 16:00:00,5.4750,5.4800,5.4700,5.4700,505764
2021-04-01 15:55:00,5.4700,5.4800,5.4700,5.4750,192548
2021-04-01 15:50:00,5.4650,5.4800,5.4600,5.4800,172343
2021-04-01 15:45:00,5.4650,5.4750,5.4600,5.4650,181313
2021-04-01 15:40:00,5.4800,5.4800,5.4600,5.4686,154126
2021-04-01 15:35:00,5.4950,5.4950,5.4700,5.4800,232368
2021-04-01 15:30:00,5.4950,5.5000,5.4900,5.4900,16356
2021-04-01 15:25:00,5.4950,5.4950,5.4900,5.4900,29278
2021-04-01 15:20:00,5.4950,5.5000,5.4900,5.4900,24559
2021-04-01 15:15:00,5.4950,5.5000,5.4900,5.4900,72013
2021-04-01 15:10:00,5.4999,5.5000,5.4900,5.4900,8808
2021-04-01 15:05:00,5.5050,5.5100,5.4900,5.4950,151124
2021-04-01 15:00:00,5.5050,5.5050,5.5000,5.5000,4955
2021-04-01 14:55:00,5.5100,5.5100,5.5000,5.5050,105556
2021-04-01 14:50:00,5.5100,5.5200,5.5000,5.5050,249919
2021-04-01 14:45:00,5.5050,5.5100,5.5000,5.5050,27596
2021-04-01 14:40:00,5.5000,5.5100,5.4900,5.5050,164966
2021-04-01 14:35:00,5.4850,5.5000,5.4800,5.5000,71647
2021-04-01 14:30:00,5.4900,5.4900,5.4800,5.4850,40613
2021-04-01 14:25:00,5.4750,5.4900,5.4750,5.4850,67171
2021-04-01 14:20:00,5.4800,5.4800,5.4700,5.4800,35195
2021-04-01 14:15:00,5.4650,5.4800,5.4650,5.4700,78071
2021-04-01 14:10:00,5.4650,5.4700,5.4600,5.4600,19567
2021-04-01 14:05:00,5.4600,5.4700,5.4500,5.4700,57947
2021-04-01 14:00:00,5.4600,5.4600,5.4500,5.4550,122646
2021-04-01 13:55:00,5.4500,5.4600,5.4450,5.4550,44931
2021-04-01 13:50:00,5.4500,5.4500,5.4450,5.4500,8424
2021-04-01 13:45:00,5.4500,5.4500,5.4400,5.4450,8993
2021-04-01 13:40:00,5.4400,5.4500,5.4400,5.4400,15684
2021-04-01 13:35:00,5.4450,5.4500,5.4400,5.4400,32386
2021-04-01 13:30:00,5.4500,5.4500,5.4400,5.4450,60819
2021-04-01 13:25:00,5.4350,5.4500,5.4350,5.4450,51884
2021-04-01 13:20:00,5.4300,5.4400,5.4250,5.4300,163012
2021-04-01 13:15:00,5.4300,5.4300,5.4250,5.4280,2725
2021-04-01 13:10:00,5.4273,5.4300,5.4200,5.4300,4723
2021-04-01 13:05:00,5.4250,5.4300,5.4200,5.4300,53512
2021-04-01 13:00:00,5.4250,5.4300,5.4250,5.4250,14444
2021-04-01 12:55:00,5.4250,5.4300,5.4200,5.4250,6697
2021-04-01 12:50:00,5.4300,5.4300,5.4200,5.4300,12277
2021-04-01 12:45:00,5.4300,5.4300,5.4200,5.4250,5436
2021-04-01 12:40:00,5.4250,5.4300,5.4200,5.4250,1346
2021-04-01 12:35:00,5.4250,5.4300,5.4150,5.4300,56463
2021-04-01 12:30:00,5.4350,5.4400,5.4200,5.4250,29323
2021-04-01 12:25:00,5.4250,5.4400,5.4200,5.4399,41227
2021-04-01 12:20:00,5.4250,5.4300,5.4200,5.4200,13850
2021-04-01 12:15:00,5.4150,5.4250,5.4100,5.4250,12129
2021-04-01 12:10:00,5.4100,5.4200,5.4100,5.4150,27330
2021-04-01 12:05:00,5.4050,5.4200,5.4000,5.4050,68709
2021-04-01 12:00:00,5.4000,5.4100,5.4000,5.4056,23449
2021-04-01 11:55:00,5.4000,5.4150,5.4000,5.4050,33498
2021-04-01 11:50:00,5.4050,5.4100,5.4000,5.4000,2561
2021-04-01 11:45:00,5.4070,5.4100,5.4000,5.4050,16172
2021-04-01 11:40:00,5.4000,5.4100,5.3900,5.4050,52567
2021-04-01 11:35:00,5.3969,5.4050,5.3901,5.3950,34109
2021-04-01 11:30:00,5.3950,5.4000,5.3950,5.4000,4818
2021-04-01 11:25:00,5.3800,5.4000,5.3800,5.3950,58385
2021-04-01 11:20:00,5.3847,5.3900,5.3800,5.3850,5019
2021-04-01 11:15:00,5.3900,5.3900,5.3800,5.3850,3835
2021-04-01 11:10:00,5.3800,5.3900,5.3800,5.3800,34011
2021-04-01 11:05:00,5.3750,5.3800,5.3700,5.3700,10243
2021-04-01 11:00:00,5.3753,5.3799,5.3750,5.3750,1440
2021-04-01 10:55:00,5.3799,5.3800,5.3700,5.3762,34796
2021-04-01 10:50:00,5.3800,5.3800,5.3750,5.3800,2227
2021-04-01 10:45:00,5.3700,5.3800,5.3700,5.3790,1265
2021-04-01 10:40:00,5.3750,5.3800,5.3701,5.3789,4404
2021-04-01 10:35:00,5.3850,5.3857,5.3750,5.3800,7644
2021-04-01 10:30:00,5.3800,5.3800,5.3700,5.3800,20160
2021-04-01 10:25:00,5.3850,5.3900,5.3800,5.3800,13141
2021-04-01 10:20:00,5.3800,5.3900,5.3750,5.3900,39929
2021-04-01 10:15:00,5.4065,5.4099,5.3800,5.3811,27431
2021-04-01 10:10:00,5.4000,5.4050,5.3950,5.4000,9894
2021-04-01 10:05:00,5.3800,5.3900,5.3800,5.3900,17742
2021-04-01 10:00:00,5.3850,5.3900,5.3800,5.3800,3137
2021-04-01 09:55:00,5.3850,5.3900,5.3750,5.3850,64755
2021-04-01 09:50:00,5.3925,5.3950,5.3850,5.3850,13689
2021-04-01 09:45:00,5.4000,5.4000,5.3900,5.3950,10425
2021-04-01 09:40:00,5.4050,5.4050,5.3950,5.3950,8822
2021-04-01 09:35:00,5.4000,5.4009,5.3900,5.4000,130897
2021-03-31 16:00:00,5.3750,5.3800,5.3700,5.3800,191102
2021-03-31 15:55:00,5.3850,5.3900,5.3750,5.3750,107796
2021-03-31 15:50:00,5.3800,5.3900,5.3800,5.3900,72161
2021-03-31 15:45:00,5.3800,5.3900,5.3800,5.3800,46355
2021-03-31 15:40:00,5.3900,5.4000,5.3800,5.3800,109479
2021-03-31 15:35:00,5.3950,5.4000,5.3900,5.3900,32196
2021-03-31 15:30:00,5.4000,5.4000,5.3900,5.3950,21865
2021-03-31 15:25:00,5.3850,5.4000,5.3800,5.3950,72593
2021-03-31 15:20:00,5.3800,5.3900,5.3800,5.3872,22564
2021-03-31 15:15:00,5.3866,5.3900,5.3800,5.3800,17728
2021-03-31 15:10:00,5.3750,5.3850,5.3750,5.3850,62698
2021-03-31 15:05:00,5.3700,5.3800,5.3700,5.3750,183760
2021-03-31 15:00:00,5.3800,5.3900,5.3700,5.3750,39469
2021-03-31 14:55:00,5.3800,5.3850,5.3800,5.3800,16625
2021-03-31 14:50:00,5.3800,5.3850,5.3800,5.3850,7557
2021-03-31 14:45:00,5.3850,5.3900,5.3800,5.3900,6918
2021-03-31 14:40:00,5.3850,5.3900,5.3800,5.3800,9002
2021-03-31 14:35:00,5.3800,5.3900,5.3800,5.3850,34197
2021-03-31 14:30:00,5.3800,5.3900,5.3800,5.3800,21667
2021-03-31 14:25:00,5.3850,5.3884,5.3800,5.3800,9573
2021-03-31 14:20:00,5.3900,5.4000,5.3850,5.3850,22332
2021-03-31 14:15:00,5.3950,5.4000,5.3900,5.3900,14619
2021-03-31 14:10:00,5.3900,5.4000,5.3900,5.3950,7785
2021-03-31 14:05:00,5.4000,5.4000,5.3900,5.3950,8257
2021-03-31 14:00:00,5.3950,5.4000,5.3900,5.3900,7519
2021-03-31 13:55:00,5.3900,5.4000,5.3900,5.4000,33416
2021-03-31 13:50:00,5.3900,5.3950,5.3900,5.3950,12301
2021-03-31 13:45:00,5.3936,5.4000,5.3900,5.3900,6227
2021-03-31 13:40:00,5.3900,5.3951,5.3900,5.3950,6047
2021-03-31 13:35:00,5.3900,5.4000,5.3900,5.3950,25466
2021-03-31 13:30:00,5.4000,5.4050,5.3900,5.3900,64695
2021-03-31 13:25:00,5.4050,5.4100,5.4000,5.4000,14195
2021-03-31 13:20:00,5.4050,5.4100,5.4000,5.4050,3838
2021-03-31 13:15:00,5.4050,5.4100,5.4000,5.4050,32608
2021-03-31 13:10:00,5.4050,5.4100,5.4000,5.4050,8542
2021-03-31 13:05:00,5.4050,5.4100,5.4050,5.4050,5362
2021-03-31 13:00:00,5.4050,5.4100,5.4018,5.4050,6912
2021-03-31 12:55:00,5.4050,5.4100,5.4000,5.4000,8168
2021-03-31 12:50:00,5.4059,5.4100,5.4000,5.4050,6452
2021-03-31 12:45:00,5.4000,5.4050,5.3900,5.4050,85312
2021-03-31 12:40:00,5.4100,5.4199,5.4000,5.4000,38933
2021-03-31 12:35:00,5.4100,5.4200,5.4100,5.4100,14178
2021-03-31 12:30:00,5.4100,5.4150,5.4100,5.4150,4613
2021-03-31 12:25:00,5.4150,5.4200,5.4100,5.4100,12616
2021-03-31 12:20:00,5.4250,5.4300,5.4100,5.4150,32365
2021-03-31 12:15:00,5.4300,5.4300,5.4200,5.4250,5469
2021-03-31 12:10:00,5.4200,5.4400,5.4200,5.4350,87510
2021-03-31 12:05:00,5.4350,5.4400,5.4200,5.4200,56278
2021-03-31 12:00:00,5.4350,5.4396,5.4300,5.4350,5587
2021-03-31 11:55:00,5.4350,5.4400,5.4350,5.4350,8709
2021-03-31 11:50:00,5.4400,5.4400,5.4344,5.4350,4132
2021-03-31 11:45:00,5.4400,5.4400,5.4343,5.4350,7835
2021-03-31 11:40:00,5.4350,5.4400,5.4350,5.4350,17245
2021-03-31 11:35:00,5.4350,5.4400,5.4350,5.4400,2338
2021-03-31 11:30:00,5.4450,5.4450,5.4300,5.4350,44979
2021-03-31 11:25:00,5.4500,5.4500,5.4430,5.4450,15083
2021-03-31 11:20:00,5.4400,5.4462,5.4400,5.4450,11453
2021-03-31 11:15:00,5.4450,5.4500,5.4400,5.4450,6060
2021-03-31 11:10:00,5.4499,5.4499,5.4450,5.4450,5956
2021-03-31 11:05:00,5.4450,5.4500,5.4425,5.4425,1406
2021-03-31 11:00:00,5.4410,5.4500,5.4410,5.4450,7807
2021-03-31 10:55:00,5.4400,5.4500,5.4350,5.4450,37051
2021-03-31 10:50:00,5.4450,5.4500,5.4250,5.4391,230993
2021-03-31 10:45:00,5.4500,5.4500,5.4450,5.4450,33562
2021-03-31 10:40:00,5.4400,5.4500,5.4400,5.4400,7888
2021-03-31 10:35:00,5.4450,5.4500,5.4400,5.4410,3843
2021-03-31 10:30:00,5.4550,5.4550,5.4450,5.4500,53354
2021-03-31 10:25:00,5.4750,5.4750,5.4500,5.4500,69073
2021-03-31 10:20:00,5.4700,5.4790,5.4700,5.4750,4399
2021-03-31 10:15:00,5.4750,5.4800,5.4700,5.4710,29683
2021-03-31 10:10:00,5.4800,5.4800,5.4710,5.4750,4215
2021-03-31 10:05:00,5.4750,5.4800,5.4750,5.4750,4189
2021-03-31 10:00:00,5.4800,5.4800,5.4730,5.4800,26981
2021-03-31 09:55:00,5.4873,5.4900,5.4700,5.4700,22187
2021-03-31 09:50:00,5.4950,5.4950,5.4850,5.4900,87136
2021-03-31 09:45:00,5.5000,5.5000,5.4900,5.4900,9678
2021-03-31 09:40:00,5.5050,5.5050,5.4900,5.4999,48349
2021-03-31 09:35:00,5.4900,5.5092,5.4900,5.5092,104625
2021-03-31 09:30:00,5.5100,5.5100,5.5000,5.5000,1526
2021-03-31 09:25:00,5.5100,5.5100,5.5100,5.5100,738
2021-03-31 09:20:00,5.5000,5.5000,5.5000,5.5000,971
2021-03-31 09:15:00,5.4800,5.4800,5.4700,5.4700,601
2021-03-31 08:50:00,5.5000,5.5000,5.5000,5.5000,250
2021-03-31 08:45:00,5.5100,5.5100,5.5000,5.5000,430
2021-03-31 08:40:00,5.5100,5.5100,5.5100,5.5100,363
2021-03-31 08:05:00,5.5000,5.5000,5.4000,5.4000,873
2021-03-30 17:00:00,5.5800,5.5800,5.5800,5.5800,100
2021-03-30 16:05:00,5.5500,5.5500,5.5500,5.5500,672
2021-03-30 16:00:00,5.5550,5.5600,5.5500,5.5500,112264
2021-03-30 15:55:00,5.5550,5.5600,5.5500,5.5500,67924
2021-03-30 15:50:00,5.5550,5.5600,5.5500,5.5550,42314
2021-03-30 15:45:00,5.5600,5.5650,5.5500,5.5500,96653
2021-03-30 15:40:00,5.5600,5.5650,5.5600,5.5600,33257
2021-03-30 15:35:00,5.5650,5.5700,5.5600,5.5600,22592
2021-03-30 15:30:00,5.5700,5.5700,5.5600,5.5600,23321
2021-03-30 15:25:00,5.5600,5.5700,5.5500,5.5600,100886
2021-03-30 15:20:00,5.5650,5.5700,5.5600,5.5600,28832
2021-03-30 15:15:00,5.5750,5.5750,5.5600,5.5600,61223
2021-03-30 15:10:00,5.5750,5.5799,5.5700,5.5700,6674
2021-03-30 15:05:00,5.5700,5.5850,5.5700,5.5750,79894
2021-03-30 15:00:00,5.5600,5.5750,5.5500,5.5700,130175
2021-03-30 14:55:00,5.5600,5.5673,5.5600,5.5600,16566
2021-03-30 14:50:00,5.5700,5.5700,5.5600,5.5600,35468
2021-03-30 14:45:00,5.5600,5.5700,5.5600,5.5600,43852
2021-03-30 14:40:00,5.5700,5.5800,5.5600,5.5600,32758
2021-03-30 14:35:00,5.5750,5.5800,5.5700,5.5700,12324
2021-03-30 14:30:00,5.5850,5.5900,5.5700,5.5700,176826
2021-03-30 14:25:00,5.5850,5.5900,5.5800,5.5850,18799
2021-03-30 14:20:00,5.5750,5.5900,5.5700,5.5900,32381
2021-03-30 14:15:00,5.5720,5.5800,5.5700,5.5800,10440
2021-03-30 14:10:00,5.5750,5.5750,5.5700,5.5750,28573
2021-03-30 14:05:00,5.5700,5.5750,5.5700,5.5700,2329
2021-03-30 14:00:00,5.5700,5.5790,5.5700,5.5700,2898
2021-03-30 13:55:00,5.5750,5.5800,5.5700,5.5700,2847
2021-03-30 13:50:00,5.5750,5.5755,5.5700,5.5750,3155
2021-03-30 13:45:00,5.5700,5.5750,5.5700,5.5750,8339
2021-03-30 13:40:00,5.5650,5.5700,5.5650,5.5700,22054
2021-03-30 13:35:00,5.5600,5.5699,5.5600,5.5600,1697
2021-03-30 13:30:00,5.5650,5.5650,5.5550,5.5550,73117
2021-03-30 13:25:00,5.5644,5.5650,5.5600,5.5650,2398
2021-03-30 13:20:00,5.5650,5.5652,5.5600,5.5650,2026
2021-03-30 13:15:00,5.5601,5.5650,5.5600,5.5650,2894
2021-03-30 13:10:00,5.5659,5.5700,5.5600,5.5650,1622
2021-03-30 13:05:00,5.5750,5.5750,5.5600,5.5600,64197
2021-03-30 13:00:00,5.5700,5.5750,5.5700,5.5700,4436
2021-03-30 12:55:00,5.5700,5.5750,5.5700,5.5750,3290
2021-03-30 12:50:00,5.5750,5.5750,5.5700,5.5700,7643
2021-03-30 12:45:00,5.5700,5.5756,5.5700,5.5700,10143
2021-03-30 12:40:00,5.5701,5.5800,5.5701,5.5750,3661
2021-03-30 12:35:00,5.5700,5.5790,5.5700,5.5700,2764
2021-03-30 12:30:00,5.5700,5.5750,5.5700,5.5750,320
2021-03-30 12:25:00,5.5700,5.5799,5.5700,5.5700,11339
2021-03-30 12:20:00,5.5800,5.5850,5.5750,5.5750,33712
2021-03-30 12:15:00,5.5800,5.5850,5.5725,5.5800,32316
2021-03-30 12:10:00,5.5800,5.5801,5.5800,5.5800,925
2021-03-30 12:05:00,5.5800,5.5801,5.5800,5.5800,1934
2021-03-30 12:00:00,5.5865,5.5865,5.5800,5.5800,1549
2021-03-30 11:55:00,5.5899,5.5899,5.5750,5.5800,54279
2021-03-30 11:50:00,5.5859,5.5859,5.5800,5.5850,2558
2021-03-30 11:45:00,5.5801,5.5850,5.5800,5.5850,1627
2021-03-30 11:40:00,5.5800,5.5850,5.5800,5.5800,3145
2021-03-30 11:35:00,5.5900,5.5900,5.5838,5.5850,6211
2021-03-30 11:30:00,5.5900,5.5950,5.5850,5.5900,31420
2021-03-30 11:25:00,5.5932,5.5972,5.5900,5.5900,1940
2021-03-30 11:20:00,5.5835,5.5950,5.5835,5.5950,23833
2021-03-30 11:15:00,5.5871,5.5900,5.5800,5.5850,3575
2021-03-30 11:10:00,5.5800,5.5900,5.5750,5.5850,43561
2021-03-30 11:05:00,5.5650,5.5800,5.5650,5.5800,11055
2021-03-30 11:00:00,5.5600,5.5650,5.5600,5.5600,924
2021-03-30 10:55:00,5.5600,5.5700,5.5600,5.5600,15539
2021-03-30 10:50:00,5.5550,5.5699,5.5550,5.5650,16161
2021-03-30 10:45:00,5.5550,5.5600,5.5520,5.5520,1081
2021-03-30 10:40:00,5.5600,5.5600,5.5500,5.5500,6641
2021-03-30 10:35:00,5.5550,5.5650,5.5550,5.5600,18126
2021-03-30 10:30:00,5.5500,5.5599,5.5500,5.5520,7147
2021-03-30 10:25:00,5.5450,5.5490,5.5350,5.5450,39881
2021-03-30 10:20:00,5.5500,5.5550,5.5400,5.5500,34344
2021-03-30 10:15:00,5.5500,5.5575,5.5450,5.5500,21919
2021-03-30 10:10:00,5.5500,5.5600,5.5500,5.5500,42518
2021-03-30 10:05:00,5.5450,5.5600,5.5400,5.5500,48970
2021-03-30 10:00:00,5.5300,5.5500,5.5300,5.5400,28511
2021-03-30 09:55:00,5.5400,5.5400,5.5214,5.5250,11378
2021-03-30 09:50:00,5.5450,5.5500,5.5319,5.5350,54350
2021-03-30 09:45:00,5.5400,5.5500,5.5400,5.5500,14645
2021-03-30 09:40:00,5.5427,5.5463,5.5330,5.5350,46459
2021-03-30 09:35:00,5.5400,5.5600,5.5200,5.5400,131167
2021-03-30 09:30:00,5.5600,5.5700,5.5100,5.5600,12818
2021-03-30 09:25:00,5.5800,5.5900,5.5000,5.5300,9839
2021-03-30 07:05:00,5.5000,5.5000,5.5000,5.5000,200
2021-03-29 16:05:00,5.6600,5.7300,5.6600,5.7300,1682
2021-03-29 16:00:00,5.6700,5.6700,5.6500,5.6600,345235
2021-03-29 15:55:00,5.6700,5.6800,5.6700,5.6700,78840
2021-03-29 15:50:00,5.6800,5.6800,5.6700,5.6700,99755
2021-03-29 15:45:00,5.6900,5.6950,5.6800,5.6800,34458
2021-03-29 15:40:00,5.7000,5.7000,5.6900,5.6900,51210
2021-03-29 15:35:00,5.7050,5.7061,5.7000,5.7000,19044
2021-03-29 15:30:00,5.7050,5.7100,5.7000,5.7050,12676
2021-03-29 15:25:00,5.6957,5.7050,5.6950,5.7050,24768
2021-03-29 15:20:00,5.6950,5.7000,5.6944,5.6995,7774
2021-03-29 15:15:00,5.6950,5.6950,5.6900,5.6942,4118
2021-03-29 15:10:00,5.6950,5.7000,5.6900,5.6950,6679
2021-03-29 15:05:00,5.7000,5.7000,5.6910,5.6950,40260
2021-03-29 15:00:00,5.7050,5.7050,5.6900,5.7000,13308
2021-03-29 14:55:00,5.7000,5.7050,5.6950,5.7050,39399
2021-03-29 14:50:00,5.6900,5.7100,5.6900,5.7050,16444
2021-03-29 14:45:00,5.6900,5.6950,5.6900,5.6900,2731
2021-03-29 14:40:00,5.6900,5.6950,5.6800,5.6900,32239
2021-03-29 14:35:00,5.6900,5.6950,5.6850,5.6850,73002
2021-03-29 14:30:00,5.6900,5.6950,5.6900,5.6950,485
2021-03-29 14:25:00,5.6900,5.6950,5.6900,5.6940,754
2021-03-29 14:20:00,5.6900,5.6950,5.6900,5.6950,1133
2021-03-29 14:15:00,5.6900,5.6950,5.6800,5.6950,50382
2021-03-29 14:10:00,5.6850,5.6900,5.6800,5.6850,15987
2021-03-29 14:05:00,5.6900,5.6900,5.6800,5.6800,19303
2021-03-29 14:00:00,5.6799,5.6850,5.6799,5.6850,39668
2021-03-29 13:55:00,5.6750,5.6800,5.6700,5.6750,17637
2021-03-29 13:50:00,5.6750,5.6800,5.6750,5.6750,19671
2021-03-29 13:45:00,5.6800,5.6850,5.6700,5.6799,36567
2021-03-29 13:40:00,5.6850,5.6900,5.6800,5.6800,5704
2021-03-29 13:35:00,5.6899,5.6900,5.6800,5.6850,13533
2021-03-29 13:30:00,5.6800,5.6850,5.6800,5.6800,1482
2021-03-29 13:25:00,5.6800,5.6850,5.6800,5.6850,2539
2021-03-29 13:20:00,5.6852,5.6852,5.6800,5.6800,3444
2021-03-29 13:15:00,5.6950,5.6950,5.6800,5.6850,24766
2021-03-29 13:10:00,5.6900,5.7000,5.6900,5.6975,32787
2021-03-29 13:05:00,5.6900,5.6900,5.6850,5.6850,10882
2021-03-29 13:00:00,5.6900,5.6900,5.6800,5.6800,7392
2021-03-29 12:55:00,5.6800,5.6900,5.6800,5.6850,3431
2021-03-29 12:50:00,5.6850,5.6880,5.6800,5.6880,2062
2021-03-29 12:45:00,5.6850,5.6900,5.6850,5.6900,5277
2021-03-29 12:40:00,5.6850,5.6900,5.6850,5.6850,14879
2021-03-29 12:35:00,5.6743,5.6900,5.6743,5.6900,5382
2021-03-29 12:30:00,5.6700,5.6750,5.6635,5.6700,46473
2021-03-29 12:25:00,5.6700,5.6800,5.6700,5.6700,8203
2021-03-29 12:20:00,5.6835,5.6835,5.6700,5.6750,17960
2021-03-29 12:15:00,5.6850,5.6870,5.6800,5.6800,2364
2021-03-29 12:10:00,5.6800,5.6866,5.6800,5.6866,3673
2021-03-29 12:05:00,5.6800,5.6850,5.6800,5.6800,404
2021-03-29 12:00:00,5.6800,5.6900,5.6800,5.6850,3669
2021-03-29 11:55:00,5.6750,5.6850,5.6750,5.6850,10249
2021-03-29 11:50:00,5.6750,5.6800,5.6750,5.6800,1529
2021-03-29 11:45:00,5.6600,5.6800,5.6600,5.6786,7869
2021-03-29 11:40:00,5.6550,5.6700,5.6540,5.6600,39427
2021-03-29 11:35:00,5.6500,5.6600,5.6500,5.6550,2369
2021-03-29 11:30:00,5.6500,5.6550,5.6500,5.6550,2815
2021-03-29 11:25:00,5.6522,5.6550,5.6500,5.6550,2322
2021-03-29 11:20:00,5.6513,5.6550,5.6500,5.6550,4176
2021-03-29 11:15:00,5.6600,5.6600,5.6500,5.6500,37725
2021-03-29 11:10:00,5.6650,5.6650,5.6600,5.6650,4437
2021-03-29 11:05:00,5.6650,5.6700,5.6600,5.6650,3343
2021-03-29 11:00:00,5.6750,5.6750,5.6650,5.6700,16027
2021-03-29 10:55:00,5.6700,5.6769,5.6650,5.6700,23976
2021-03-29 10:50:00,5.6760,5.6760,5.6700,5.6700,671
2021-03-29 10:45:00,5.6750,5.6799,5.6700,5.6750,3663
2021-03-29 10:40:00,5.6850,5.6900,5.6734,5.6734,14361
2021-03-29 10:35:00,5.6800,5.6900,5.6750,5.6900,55840
2021-03-29 10:30:00,5.6950,5.7000,5.6800,5.6850,124525
2021-03-29 10:25:00,5.6950,5.7000,5.6900,5.6950,6733
2021-03-29 10:20:00,5.7100,5.7150,5.6929,5.6929,11744
2021-03-29 10:15:00,5.7050,5.7200,5.7000,5.7199,18236
2021-03-29 10:10:00,5.7100,5.7100,5.7000,5.7000,7986
2021-03-29 10:05:00,5.7000,5.7100,5.7000,5.7050,6394
2021-03-29 10:00:00,5.6950,5.7050,5.6909,5.7050,12386
2021-03-29 09:55:00,5.6850,5.7000,5.6800,5.6950,5676
2021-03-29 09:50:00,5.6750,5.7000,5.6750,5.6850,23238
2021-03-29 09:45:00,5.6700,5.6850,5.6700,5.6710,25267
2021-03-29 09:40:00,5.6650,5.6700,5.6647,5.6647,1508
2021-03-29 09:35:00,5.7200,5.7200,5.6200,5.6700,107822
2021-03-29 09:30:00,5.5600,5.6800,5.5600,5.6800,6236
2021-03-29 09:25:00,5.5800,5.6400,5.5800,5.5800,16364
2021-03-26 17:05:00,5.8000,5.8000,5.8000,5.8000,100
2021-03-26 16:00:00,5.8200,5.8300,5.8200,5.8200,67994
2021-03-26 15:55:00,5.8200,5.8200,5.8100,5.8200,20763
2021-03-26 15:50:00,5.8050,5.8250,5.8000,5.8200,34129
2021-03-26 15:45:00,5.8050,5.8100,5.8000,5.8050,6421
2021-03-26 15:40:00,5.8050,5.8100,5.8000,5.8100,10100
2021-03-26 15:35:00,5.8050,5.8100,5.8000,5.8050,41857
2021-03-26 15:30:00,5.8050,5.8050,5.8000,5.8000,44084
2021-03-26 15:25:00,5.8100,5.8150,5.8000,5.8050,56363
2021-03-26 15:20:00,5.8000,5.8100,5.8000,5.8000,125285
2021-03-26 15:15:00,5.8000,5.8050,5.8000,5.8050,25975
2021-03-26 15:10:00,5.8200,5.8250,5.8000,5.8050,119072
2021-03-26 15:05:00,5.8250,5.8300,5.8200,5.8200,6448
2021-03-26 15:00:00,5.8250,5.8250,5.8200,5.8250,1957
2021-03-26 14:55:00,5.8150,5.8275,5.8100,5.8250,24221
2021-03-26 14:50:00,5.8200,5.8250,5.8100,5.8150,27747
2021-03-26 14:45:00,5.8300,5.8300,5.8200,5.8200,6113
2021-03-26 14:40:00,5.8300,5.8300,5.8200,5.8250,8040
2021-03-26 14:35:00,5.8200,5.8300,5.8200,5.8261,2034
2021-03-26 14:30:00,5.8250,5.8300,5.8200,5.8200,18854
2021-03-26 14:25:00,5.7950,5.8250,5.7900,5.8250,68496
2021-03-26 14:20:00,5.8000,5.8000,5.7900,5.7900,8264
2021-03-26 14:15:00,5.7950,5.8000,5.7900,5.7900,9689
2021-03-26 14:10:00,5.8000,5.8000,5.7900,5.7950,42360
2021-03-26 14:05:00,5.7950,5.8000,5.7900,5.7900,6541
2021-03-26 14:00:00,5.8000,5.8000,5.7900,5.8000,14796
2021-03-26 13:55:00,5.7900,5.8000,5.7900,5.7900,7377
2021-03-26 13:50:00,5.8041,5.8041,5.7900,5.7900,52691
2021-03-26 13:45:00,5.8050,5.8100,5.8000,5.8000,791
2021-03-26 13:40:00,5.8050,5.8099,5.8000,5.8000,1614
2021-03-26 13:35:00,5.8000,5.8100,5.8000,5.8000,7295
2021-03-26 13:30:00,5.8000,5.8050,5.7900,5.8000,5772
2021-03-26 13:25:00,5.8000,5.8050,5.7900,5.8000,48699
2021-03-26 13:20:00,5.8000,5.8050,5.8000,5.8050,517
2021-03-26 13:15:00,5.8100,5.8100,5.8000,5.8000,21163
2021-03-26 13:10:00,5.8100,5.8150,5.8100,5.8150,1576
2021-03-26 13:05:00,5.8150,5.8150,5.8100,5.8100,2986
2021-03-26 13:00:00,5.8150,5.8200,5.8100,5.8120,2799
2021-03-26 12:55:00,5.8150,5.8200,5.8100,5.8101,11886
2021-03-26 12:50:00,5.8200,5.8200,5.8100,5.8200,6899
2021-03-26 12:45:00,5.8100,5.8200,5.8100,5.8100,23782
2021-03-26 12:40:00,5.8200,5.8200,5.8100,5.8150,28393
2021-03-26 12:35:00,5.8250,5.8250,5.8200,5.8200,1667
2021-03-26 12:30:00,5.8267,5.8300,5.8200,5.8200,1344
2021-03-26 12:25:00,5.8300,5.8300,5.8200,5.8250,2280
2021-03-26 12:20:00,5.8300,5.8300,5.8200,5.8250,1405
2021-03-26 12:15:00,5.8299,5.8300,5.8200,5.8260,8800
2021-03-26 12:10:00,5.8243,5.8250,5.8100,5.8200,90158
2021-03-26 12:05:00,5.8210,5.8250,5.8200,5.8200,904
2021-03-26 12:00:00,5.8200,5.8280,5.8200,5.8280,946
2021-03-26 11:55:00,5.8200,5.8260,5.8200,5.8200,4904
2021-03-26 11:50:00,5.8200,5.8250,5.8200,5.8200,4005
2021-03-26 11:45:00,5.8200,5.8300,5.8200,5.8299,9670
2021-03-26 11:40:00,5.8250,5.8290,5.8200,5.8200,4946
2021-03-26 11:35:00,5.8100,5.8300,5.8100,5.8300,15036
2021-03-26 11:30:00,5.8150,5.8150,5.8100,5.8100,2331
2021-03-26 11:25:00,5.8150,5.8150,5.8100,5.8100,9793
2021-03-26 11:20:00,5.8118,5.8118,5.8100,5.8100,1455
2021-03-26 11:15:00,5.8100,5.8195,5.8000,5.8100,36389
2021-03-26 11:10:00,5.8150,5.8150,5.8100,5.8150,9161
2021-03-26 11:05:00,5.8200,5.8200,5.8100,5.8100,2376
2021-03-26 11:00:00,5.8150,5.8200,5.8150,5.8200,358
2021-03-26 10:55:00,5.8150,5.8200,5.8100,5.8187,5354
2021-03-26 10:50:00,5.8250,5.8300,5.8100,5.8117,21107
2021-03-26 10:45:00,5.8300,5.8399,5.8250,5.8250,33148
2021-03-26 10:40:00,5.8380,5.8380,5.8300,5.8348,2961
2021-03-26 10:35:00,5.8322,5.8395,5.8300,5.8302,17653
2021-03-26 10:30:00,5.8300,5.8400,5.8200,5.8400,22473
2021-03-26 10:25:00,5.8250,5.8300,5.8250,5.8262,1278
2021-03-26 10:20:00,5.8201,5.8300,5.8200,5.8250,1613
2021-03-26 10:15:00,5.8250,5.8300,5.8200,5.8200,2878
2021-03-26 10:10:00,5.8227,5.8300,5.8200,5.8270,3463
2021-03-26 10:05:00,5.8300,5.8400,5.8200,5.8300,11814
2021-03-26 10:00:00,5.8200,5.8300,5.8200,5.8250,12357
2021-03-26 09:55:00,5.8350,5.8400,5.8150,5.8150,58244
2021-03-26 09:50:00,5.8350,5.8400,5.8300,5.8350,7011
2021-03-26 09:45:00,5.8400,5.8400,5.8370,5.8400,2810
2021-03-26 09:40:00,5.8300,5.8400,5.8250,5.8400,6377
2021-03-26 09:35:00,5.8000,5.8400,5.8000,5.8200,64746
2021-03-26 08:05:00,5.7999,5.7999,5.7999,5.7999,2000
2021-03-25 16:00:00,5.7800,5.7950,5.7800,5.7900,165885
2021-03-25 15:55:00,5.7900,5.7950,5.7800,5.7800,105975
2021-03-25 15:50:00,5.8000,5.8100,5.7900,5.7900,27065
2021-03-25 15:45:00,5.8100,5.8100,5.8000,5.8000,6726
2021-03-25 15:40:00,5.8050,5.8100,5.8000,5.8050,81851
2021-03-25 15:35:00,5.8050,5.8100,5.8000,5.8000,74671
2021-03-25 15:30:00,5.8050,5.8050,5.8000,5.8050,10122
2021-03-25 15:25:00,5.8000,5.8100,5.7900,5.8100,38117
2021-03-25 15:20:00,5.7973,5.8075,5.7900,5.7950,67387
2021-03-25 15:15:00,5.7950,5.8100,5.7900,5.8000,57193
2021-03-25 15:10:00,5.7950,5.8000,5.7800,5.7950,133088
2021-03-25 15:05:00,5.8000,5.8000,5.7900,5.7900,24716
2021-03-25 15:00:00,5.8000,5.8000,5.7800,5.7900,70574
2021-03-25 14:55:00,5.7950,5.8100,5.7900,5.8000,62908
2021-03-25 14:50:00,5.7971,5.8100,5.7900,5.7900,144764
2021-03-25 14:45:00,5.8000,5.8000,5.7900,5.7950,34209
2021-03-25 14:40:00,5.7900,5.8100,5.7850,5.7900,42426
2021-03-25 14:35:00,5.7850,5.7900,5.7800,5.7900,9493
2021-03-25 14:30:00,5.7916,5.8000,5.7800,5.7800,90943
2021-03-25 14:25:00,5.7900,5.7950,5.7900,5.7900,27466
2021-03-25 14:20:00,5.7850,5.7967,5.7801,5.7958,23599
2021-03-25 14:15:00,5.7800,5.7850,5.7800,5.7850,10432
2021-03-25 14:10:00,5.7800,5.7900,5.7750,5.7850,22502
2021-03-25 14:05:00,5.7800,5.7800,5.7700,5.7750,14803
2021-03-25 14:00:00,5.7700,5.7900,5.7650,5.7800,202620
2021-03-25 13:55:00,5.7590,5.7700,5.7550,5.7700,142122
2021-03-25 13:50:00,5.7550,5.7600,5.7500,5.7550,13786
2021-03-25 13:45:00,5.7550,5.7600,5.7550,5.7600,8808
2021-03-25 13:40:00,5.7550,5.7600,5.7450,5.7600,65123
2021-03-25 13:35:00,5.7500,5.7600,5.7500,5.7500,10930
2021-03-25 13:30:00,5.7550,5.7580,5.7500,5.7539,20226
2021-03-25 13:25:00,5.7550,5.7700,5.7550,5.7550,84168
2021-03-25 13:20:00,5.7600,5.7600,5.7545,5.7550,5513
2021-03-25 13:15:00,5.7600,5.7650,5.7550,5.7550,38459
2021-03-25 13:10:00,5.7500,5.7700,5.7450,5.7600,117325
2021-03-25 13:05:00,5.7450,5.7500,5.7400,5.7450,19270
2021-03-25 13:00:00,5.7550,5.7600,5.7450,5.7500,30898
2021-03-25 12:55:00,5.7500,5.7600,5.7500,5.7550,213888
2021-03-25 12:50:00,5.7450,5.7600,5.7450,5.7600,11543
2021-03-25 12:45:00,5.7490,5.7500,5.7450,5.7500,3353
2021-03-25 12:40:00,5.7400,5.7500,5.7400,5.7500,5856
2021-03-25 12:35:00,5.7400,5.7500,5.7400,5.7445,9667
2021-03-25 12:30:00,5.7480,5.7500,5.7350,5.7350,22829
2021-03-25 12:25:00,5.7400,5.7500,5.7350,5.7450,12544
2021-03-25 12:20:00,5.7250,5.7400,5.7250,5.7400,10992
2021-03-25 12:15:00,5.7260,5.7300,5.7200,5.7250,4193
2021-03-25 12:10:00,5.7200,5.7300,5.7200,5.7250,72978
2021-03-25 12:05:00,5.7350,5.7400,5.7250,5.7250,41800
2021-03-25 12:00:00,5.7150,5.7400,5.7150,5.7350,31634
2021-03-25 11:55:00,5.7150,5.7200,5.7100,5.7150,2859
2021-03-25 11:50:00,5.7150,5.7150,5.7050,5.7150,22036
2021-03-25 11:45:00,5.7150,5.7174,5.7100,5.7150,5738
2021-03-25 11:40:00,5.7100,5.7150,5.7100,5.7100,10902
2021-03-25 11:35:00,5.7050,5.7050,5.6950,5.7050,6998
2021-03-25 11:30:00,5.7000,5.7050,5.6850,5.7050,14076
2021-03-25 11:25:00,5.6850,5.6950,5.6850,5.6950,19830
2021-03-25 11:20:00,5.6800,5.6900,5.6800,5.6900,8509
2021-03-25 11:15:00,5.6711,5.6800,5.6711,5.6769,7618
2021-03-25 11:10:00,5.6800,5.6800,5.6713,5.6713,3067
2021-03-25 11:05:00,5.6750,5.6800,5.6650,5.6700,26785
2021-03-25 11:00:00,5.6700,5.6750,5.6650,5.6750,11210
2021-03-25 10:55:00,5.6700,5.6700,5.6600,5.6600,18107
2021-03-25 10:50:00,5.6850,5.6850,5.6700,5.6702,12976
2021-03-25 10:45:00,5.6900,5.6950,5.6750,5.6800,57866
2021-03-25 10:40:00,5.6900,5.7000,5.6900,5.6950,3835
2021-03-25 10:35:00,5.7000,5.7000,5.6901,5.7000,3855
2021-03-25 10:30:00,5.6950,5.7100,5.6900,5.6950,28698
2021-03-25 10:25:00,5.6900,5.7000,5.6805,5.6950,34015
2021-03-25 10:20:00,5.7000,5.7000,5.6800,5.6850,21211
2021-03-25 10:15:00,5.7000,5.7000,5.6900,5.6950,1143
2021-03-25 10:10:00,5.6900,5.7000,5.6900,5.7000,3350
2021-03-25 10:05:00,5.6800,5.7000,5.6700,5.7000,19673
2021-03-25 10:00:00,5.6750,5.6800,5.6650,5.6800,12674
2021-03-25 09:55:00,5.6800,5.6800,5.6600,5.6700,14416
2021-03-25 09:50:00,5.6750,5.6800,5.6700,5.6750,4080
2021-03-25 09:45:00,5.6700,5.6750,5.6700,5.6700,9466
2021-03-25 09:40:00,5.6650,5.6750,5.6600,5.6750,19580
2021-03-25 09:35:00,5.6600,5.7000,5.6600,5.6700,78506
2021-03-25 09:30:00,5.6700,5.6700,5.6700,5.6700,352
2021-03-25 09:25:00,5.6300,5.6300,5.6300,5.6300,2700
2021-03-25 09:15:00,5.6300,5.6300,5.6300,5.6300,300
2021-03-25 08:50:00,5.6500,5.6500,5.6500,5.6500,100
2021-03-25 08:45:00,5.6600,5.6600,5.6500,5.6500,601
2021-03-25 08:05:00,5.6500,5.6500,5.6499,5.6499,2500
2021-03-24 18:35:00,5.6500,5.6500,5.6500,5.6500,100
2021-03-24 16:05:00,5.6600,5.6600,5.6600,5.6600,622
2021-03-24 16:00:00,5.6550,5.6600,5.6500,5.6550,52559
2021-03-24 15:55:00,5.6600,5.6600,5.6500,5.6580,20749
2021-03-24 15:50:00,5.6550,5.6600,5.6501,5.6501,21723
2021-03-24 15:45:00,5.6650,5.6650,5.6501,5.6550,69884
2021-03-24 15:40:00,5.6750,5.6750,5.6600,5.6650,97989
2021-03-24 15:35:00,5.6750,5.6800,5.6700,5.6800,27962
2021-03-24 15:30:00,5.6750,5.6800,5.6700,5.6800,4444
2021-03-24 15:25:00,5.6850,5.6850,5.6700,5.6750,69604
2021-03-24 15:20:00,5.6750,5.6850,5.6700,5.6850,13190
2021-03-24 15:15:00,5.6750,5.6800,5.6750,5.6750,2603
2021-03-24 15:10:00,5.6700,5.6800,5.6700,5.6750,7814
2021-03-24 15:05:00,5.6550,5.6750,5.6550,5.6750,27784
2021-03-24 15:00:00,5.6650,5.6700,5.6500,5.6500,16063
2021-03-24 14:55:00,5.6750,5.6800,5.6650,5.6650,14985
2021-03-24 14:50:00,5.6650,5.6800,5.6650,5.6750,21605
2021-03-24 14:45:00,5.6750,5.6750,5.6600,5.6650,29477
2021-03-24 14:40:00,5.6766,5.6800,5.6700,5.6750,8423
2021-03-24 14:35:00,5.6800,5.6855,5.6700,5.6750,9583
2021-03-24 14:30:00,5.7000,5.7000,5.6800,5.6800,72104
2021-03-24 14:25:00,5.7000,5.7000,5.6916,5.6950,10326
2021-03-24 14:20:00,5.6950,5.7000,5.6950,5.7000,4960
2021-03-24 14:15:00,5.6950,5.7000,5.6900,5.7000,6035
2021-03-24 14:10:00,5.7000,5.7000,5.6950,5.7000,2146
2021-03-24 14:05:00,5.6950,5.7000,5.6950,5.6950,2880
2021-03-24 14:00:00,5.6950,5.7000,5.6927,5.6950,6207
2021-03-24 13:55:00,5.7000,5.7000,5.6950,5.7000,1046
2021-03-24 13:50:00,5.6850,5.7000,5.6850,5.7000,4463
2021-03-24 13:45:00,5.6950,5.7000,5.6850,5.6900,8567
2021-03-24 13:40:00,5.6850,5.7000,5.6850,5.6950,5228
2021-03-24 13:35:00,5.6850,5.6900,5.6850,5.6900,5725
2021-03-24 13:30:00,5.6800,5.6900,5.6800,5.6900,2439
2021-03-24 13:25:00,5.6750,5.6800,5.6710,5.6800,4409
2021-03-24 13:20:00,5.6800,5.6800,5.6700,5.6700,8639
2021-03-24 13:15:00,5.6900,5.6900,5.6800,5.6800,21056
2021-03-24 13:10:00,5.6850,5.6900,5.6801,5.6850,4318
2021-03-24 13:05:00,5.7000,5.7000,5.6850,5.6850,14238
2021-03-24 13:00:00,5.6950,5.7000,5.6900,5.6950,3277
2021-03-24 12:55:00,5.6950,5.6999,5.6901,5.6910,12999
2021-03-24 12:50:00,5.7050,5.7050,5.6950,5.6950,25300
2021-03-24 12:45:00,5.7000,5.7100,5.7000,5.7100,2898
2021-03-24 12:40:00,5.6972,5.7000,5.6950,5.7000,2518
2021-03-24 12:35:00,5.7050,5.7050,5.6950,5.6950,7284
2021-03-24 12:30:00,5.7100,5.7100,5.7000,5.7099,10042
2021-03-24 12:25:00,5.7000,5.7100,5.7000,5.7100,14348
2021-03-24 12:20:00,5.7000,5.7000,5.6950,5.7000,4217
2021-03-24 12:15:00,5.6733,5.7050,5.6733,5.7000,45234
2021-03-24 12:10:00,5.6750,5.6750,5.6701,5.6750,2297
2021-03-24 12:05:00,5.6700,5.6800,5.6650,5.6800,8190
2021-03-24 12:00:00,5.6750,5.6800,5.6610,5.6610,12258
2021-03-24 11:55:00,5.6700,5.6761,5.6700,5.6761,700
2021-03-24 11:50:00,5.6710,5.6751,5.6710,5.6751,487
2021-03-24 11:45:00,5.6750,5.6750,5.6700,5.6700,1971
2021-03-24 11:40:00,5.6800,5.6800,5.6700,5.6750,7919
2021-03-24 11:35:00,5.6650,5.6761,5.6650,5.6734,5028
2021-03-24 11:30:00,5.6750,5.6800,5.6650,5.6650,6249
2021-03-24 11:25:00,5.6710,5.6800,5.6700,5.6710,1485
2021-03-24 11:20:00,5.6710,5.6800,5.6700,5.6750,3824
2021-03-24 11:15:00,5.6800,5.6800,5.6710,5.6800,2850
2021-03-24 11:10:00,5.6900,5.6900,5.6700,5.6800,15632
2021-03-24 11:05:00,5.7100,5.7100,5.6700,5.6800,87443
2021-03-24 11:00:00,5.7100,5.7150,5.7011,5.7100,32799
2021-03-24 10:55:00,5.7050,5.7100,5.7000,5.7100,6163
2021-03-24 10:50:00,5.7000,5.7050,5.6900,5.7050,48966
2021-03-24 10:45:00,5.6853,5.6999,5.6800,5.6900,32947
2021-03-24 10:40:00,5.6750,5.6900,5.6750,5.6800,29674
2021-03-24 10:35:00,5.6700,5.6777,5.6700,5.6700,1484
2021-03-24 10:30:00,5.6795,5.6800,5.6650,5.6700,16260
2021-03-24 10:25:00,5.6700,5.6750,5.6650,5.6750,9233
2021-03-24 10:20:00,5.6795,5.6795,5.6550,5.6600,25818
2021-03-24 10:15:00,5.6550,5.6799,5.6550,5.6700,19474
2021-03-24 10:10:00,5.6600,5.6650,5.6550,5.6550,7449
2021-03-24 10:05:00,5.6500,5.6600,5.6420,5.6500,5108
2021-03-24 10:00:00,5.6400,5.6500,5.6300,5.6500,15510
2021-03-24 09:55:00,5.6600,5.6650,5.6300,5.6400,54693
2021-03-24 09:50:00,5.6617,5.6800,5.6600,5.6650,39227
2021-03-24 09:45:00,5.6700,5.6700,5.6600,5.6700,6748
2021-03-24 09:40:00,5.6600,5.6700,5.6550,5.6650,18919
2021-03-24 09:35:00,5.6600,5.6600,5.6300,5.6500,155694
2021-03-24 09:30:00,5.6300,5.6300,5.6300,5.6300,197
2021-03-24 09:25:00,5.6400,5.6400,5.6400,5.6400,300
2021-03-24 09:20:00,5.6600,5.6600,5.6600,5.6600,1050
2021-03-24 08:15:00,5.4884,5.4884,5.4884,5.4884,100
2021-03-24 08:05:00,5.7300,5.7300,5.7300,5.7300,1000
2021-03-23 16:05:00,5.7400,5.7400,5.7400,5.7400,5371
2021-03-23 16:00:00,5.7500,5.7500,5.7400,5.7400,94996
2021-03-23 15:55:00,5.7400,5.7500,5.7300,5.7490,45648
2021-03-23 15:50:00,5.7250,5.7500,5.7200,5.7350,186339
2021-03-23 15:45:00,5.7250,5.7350,5.7200,5.7200,149033
2021-03-23 15:40:00,5.7550,5.7600,5.7200,5.7223,265251
2021-03-23 15:35:00,5.7650,5.7700,5.7500,5.7571,33332
2021-03-23 15:30:00,5.7650,5.7700,5.7650,5.7650,5996
2021-03-23 15:25:00,5.7690,5.7700,5.7600,5.7635,18341
2021-03-23 15:20:00,5.7650,5.7700,5.7650,5.7700,6792
2021-03-23 15:15:00,5.7700,5.7750,5.7600,5.7650,18661
2021-03-23 15:10:00,5.7750,5.7757,5.7700,5.7750,5270
2021-03-23 15:05:00,5.7750,5.7761,5.7650,5.7750,42180
2021-03-23 15:00:00,5.7750,5.7750,5.7700,5.7700,3201
2021-03-23 14:55:00,5.7900,5.7900,5.7750,5.7750,27625
2021-03-23 14:50:00,5.7850,5.7850,5.7750,5.7800,28510
2021-03-23 14:45:00,5.7800,5.7856,5.7800,5.7850,12627
2021-03-23 14:40:00,5.7900,5.7900,5.7800,5.7850,3197
2021-03-23 14:35:00,5.7850,5.7900,5.7810,5.7850,4759
2021-03-23 14:30:00,5.7850,5.7900,5.7800,5.7850,11064
2021-03-23 14:25:00,5.7737,5.7900,5.7700,5.7850,50749
2021-03-23 14:20:00,5.7762,5.7800,5.7728,5.7750,7556
2021-03-23 14:15:00,5.7850,5.7875,5.7700,5.7750,32763
2021-03-23 14:10:00,5.7850,5.7899,5.7800,5.7850,2844
2021-03-23 14:05:00,5.7800,5.7800,5.7750,5.7800,27367
2021-03-23 14:00:00,5.7850,5.7850,5.7800,5.7800,2717
2021-03-23 13:55:00,5.7850,5.7850,5.7800,5.7850,17429
2021-03-23 13:50:00,5.7850,5.7857,5.7800,5.7850,1626
2021-03-23 13:45:00,5.7900,5.7900,5.7800,5.7800,5672
2021-03-23 13:40:00,5.7950,5.7950,5.7900,5.7900,5937
2021-03-23 13:35:00,5.7950,5.7950,5.7900,5.7900,2418
2021-03-23 13:30:00,5.7981,5.7981,5.7900,5.7900,3228
2021-03-23 13:25:00,5.7950,5.7950,5.7950,5.7950,2161
2021-03-23 13:20:00,5.7950,5.7950,5.7900,5.7950,7067
2021-03-23 13:15:00,5.8050,5.8051,5.7900,5.7950,11440
2021-03-23 13:10:00,5.8000,5.8072,5.8000,5.8000,4696
2021-03-23 13:05:00,5.8050,5.8050,5.8000,5.8000,18808
2021-03-23 13:00:00,5.8050,5.8050,5.8000,5.8000,2551
2021-03-23 12:55:00,5.8080,5.8100,5.8000,5.8050,21825
2021-03-23 12:50:00,5.8050,5.8100,5.8000,5.8100,6170
2021-03-23 12:45:00,5.8099,5.8099,5.8000,5.8050,2148
2021-03-23 12:40:00,5.8000,5.8100,5.8000,5.8000,7555
2021-03-23 12:35:00,5.8100,5.8100,5.8000,5.8000,16934
2021-03-23 12:30:00,5.8100,5.8100,5.8000,5.8050,5180
2021-03-23 12:25:00,5.8100,5.8100,5.8000,5.8050,5519
2021-03-23 12:20:00,5.8050,5.8100,5.8000,5.8050,3390
2021-03-23 12:15:00,5.8050,5.8050,5.8000,5.8050,3048
2021-03-23 12:10:00,5.8150,5.8150,5.8000,5.8001,9528
2021-03-23 12:05:00,5.8100,5.8150,5.8100,5.8100,10288
2021-03-23 12:00:00,5.8100,5.8150,5.8100,5.8150,12580
2021-03-23 11:55:00,5.8100,5.8150,5.8100,5.8150,932
2021-03-23 11:50:00,5.8150,5.8150,5.8100,5.8100,1622
2021-03-23 11:45:00,5.8150,5.8173,5.8100,5.8100,3954
2021-03-23 11:40:00,5.8150,5.8162,5.8110,5.8138,5069
2021-03-23 11:35:00,5.8200,5.8200,5.8100,5.8100,5019
2021-03-23 11:30:00,5.8150,5.8200,5.8150,5.8150,3074
2021-03-23 11:25:00,5.8150,5.8200,5.8150,5.8150,12775
2021-03-23 11:20:00,5.8100,5.8150,5.8100,5.8150,11548
2021-03-23 11:15:00,5.8000,5.8100,5.8000,5.8100,9457
2021-03-23 11:10:00,5.8100,5.8123,5.7900,5.8000,31163
2021-03-23 11:05:00,5.8080,5.8100,5.8000,5.8050,3863
2021-03-23 11:00:00,5.8150,5.8150,5.8050,5.8100,13514
2021-03-23 10:55:00,5.8050,5.8200,5.8000,5.8200,15748
2021-03-23 10:50:00,5.8050,5.8100,5.8000,5.8070,8683
2021-03-23 10:45:00,5.8050,5.8100,5.8000,5.8050,8652
2021-03-23 10:40:00,5.8150,5.8200,5.8050,5.8050,16193
2021-03-23 10:35:00,5.8200,5.8250,5.8110,5.8150,9350
2021-03-23 10:30:00,5.8350,5.8350,5.8200,5.8200,16010
2021-03-23 10:25:00,5.8400,5.8400,5.8301,5.8301,1914
2021-03-23 10:20:00,5.8400,5.8400,5.8350,5.8384,1104
2021-03-23 10:15:00,5.8400,5.8400,5.8300,5.8350,3445
2021-03-23 10:10:00,5.8450,5.8500,5.8350,5.8350,9733
2021-03-23 10:05:00,5.8600,5.8600,5.8450,5.8450,30030
2021-03-23 10:00:00,5.8400,5.8500,5.8400,5.8500,8398
2021-03-23 09:55:00,5.8566,5.8600,5.8400,5.8400,41917
2021-03-23 09:50:00,5.8400,5.8600,5.8400,5.8500,37514
2021-03-23 09:45:00,5.8400,5.8500,5.8350,5.8500,13017
2021-03-23 09:40:00,5.8150,5.8450,5.8150,5.8450,15891
2021-03-23 09:35:00,5.8400,5.8400,5.8100,5.8150,130201
2021-03-23 09:30:00,5.8400,5.8400,5.8300,5.8400,1734
2021-03-23 09:20:00,5.8400,5.8400,5.8400,5.8400,1001
2021-03-23 09:15:00,5.7900,5.7900,5.7900,5.7900,502
2021-03-23 09:10:00,5.8800,5.8800,5.8000,5.8000,200
2021-03-22 16:00:00,5.9700,5.9900,5.9700,5.9800,234690
2021-03-22 15:55:00,5.9800,5.9900,5.9700,5.9750,118267
2021-03-22 15:50:00,5.9800,5.9900,5.9800,5.9850,29143
2021-03-22 15:45:00,5.9800,5.9900,5.9800,5.9899,48159
2021-03-22 15:40:00,5.9800,5.9900,5.9800,5.9800,31111
2021-03-22 15:35:00,5.9850,5.9900,5.9800,5.9800,200726
2021-03-22 15:30:00,5.9900,5.9900,5.9800,5.9850,32836
2021-03-22 15:25:00,5.9900,5.9900,5.9800,5.9800,5932
2021-03-22 15:20:00,5.9850,5.9900,5.9850,5.9900,11260
2021-03-22 15:15:00,5.9850,5.9900,5.9850,5.9850,6623
2021-03-22 15:10:00,5.9810,5.9900,5.9810,5.9872,7490
2021-03-22 15:05:00,5.9856,5.9900,5.9800,5.9900,4069
2021-03-22 15:00:00,5.9801,5.9900,5.9801,5.9900,1080
2021-03-22 14:55:00,5.9850,5.9900,5.9800,5.9850,8210
2021-03-22 14:50:00,5.9870,5.9900,5.9808,5.9850,13874
2021-03-22 14:45:00,5.9830,5.9900,5.9830,5.9900,6641
2021-03-22 14:40:00,5.9850,5.9900,5.9800,5.9900,1781
2021-03-22 14:35:00,5.9850,5.9900,5.9821,5.9850,7469
2021-03-22 14:30:00,5.9800,5.9900,5.9800,5.9900,1765
2021-03-22 14:25:00,5.9900,5.9900,5.9841,5.9841,1372
2021-03-22 14:20:00,5.9850,5.9900,5.9800,5.9800,9650
2021-03-22 14:15:00,5.9900,5.9900,5.9800,5.9800,52464
2021-03-22 14:10:00,5.9900,5.9900,5.9800,5.9800,50339
2021-03-22 14:05:00,5.9850,5.9900,5.9800,5.9900,8467
2021-03-22 14:00:00,5.9850,5.9900,5.9850,5.9900,37670
2021-03-22 13:55:00,5.9900,5.9900,5.9850,5.9900,20688
2021-03-22 13:50:00,5.9900,5.9900,5.9850,5.9900,8910
2021-03-22 13:45:00,5.9832,5.9900,5.9800,5.9850,20605
2021-03-22 13:40:00,5.9850,5.9900,5.9800,5.9800,36241
2021-03-22 13:35:00,5.9837,5.9900,5.9834,5.9850,7362
2021-03-22 13:30:00,5.9850,5.9900,5.9800,5.9850,4129
2021-03-22 13:25:00,5.9900,6.0000,5.9850,5.9850,91097
2021-03-22 13:20:00,5.9900,5.9900,5.9800,5.9800,8936
2021-03-22 13:15:00,5.9850,5.9900,5.9800,5.9878,15616
2021-03-22 13:10:00,5.9900,5.9900,5.9800,5.9850,8189
2021-03-22 13:05:00,5.9900,5.9900,5.9800,5.9850,40707
2021-03-22 13:00:00,5.9900,5.9900,5.9883,5.9900,3539
2021-03-22 12:55:00,5.9900,5.9900,5.9850,5.9900,5417
2021-03-22 12:50:00,5.9900,5.9900,5.9850,5.9900,4223
2021-03-22 12:45:00,5.9831,5.9900,5.9831,5.9900,4755
2021-03-22 12:40:00,5.9850,5.9900,5.9850,5.9900,10493
2021-03-22 12:35:00,5.9900,5.9900,5.9900,5.9900,1307
2021-03-22 12:30:00,5.9800,5.9900,5.9750,5.9900,34129
2021-03-22 12:25:00,5.9800,5.9800,5.9741,5.9800,6394
2021-03-22 12:20:00,5.9800,5.9800,5.9750,5.9800,6016
2021-03-22 12:15:00,5.9850,5.9900,5.9750,5.9800,70600
2021-03-22 12:10:00,5.9950,5.9950,5.9846,5.9850,55095
2021-03-22 12:05:00,5.9950,6.0000,5.9900,5.9950,7590
2021-03-22 12:00:00,5.9950,6.0000,5.9900,5.9900,2113
2021-03-22 11:55:00,5.9950,6.0000,5.9900,5.9950,11925
2021-03-22 11:50:00,5.9950,6.0000,5.9900,5.9950,6530
2021-03-22 11:45:00,5.9900,6.0000,5.9900,6.0000,116464
2021-03-22 11:40:00,6.0000,6.0000,5.9944,6.0000,6305
2021-03-22 11:35:00,5.9900,6.0000,5.9850,6.0000,26930
2021-03-22 11:30:00,5.9900,5.9900,5.9850,5.9900,26970
2021-03-22 11:25:00,5.9800,5.9900,5.9750,5.9900,79274
2021-03-22 11:20:00,5.9750,5.9800,5.9700,5.9750,19321
2021-03-22 11:15:00,5.9800,5.9800,5.9700,5.9700,3694
2021-03-22 11:10:00,5.9750,5.9800,5.9750,5.9800,3095
2021-03-22 11:05:00,5.9750,5.9800,5.9750,5.9800,3871
2021-03-22 11:00:00,5.9790,5.9800,5.9700,5.9700,63379
2021-03-22 10:55:00,5.9700,5.9800,5.9700,5.9790,4450
2021-03-22 10:50:00,5.9700,5.9800,5.9700,5.9750,16743
2021-03-22 10:45:00,5.9700,5.9800,5.9700,5.9800,34248
2021-03-22 10:40:00,5.9750,5.9750,5.9600,5.9700,81527
2021-03-22 10:35:00,5.9600,5.9800,5.9600,5.9799,19931
2021-03-22 10:30:00,5.9700,5.9700,5.9600,5.9650,23652
2021-03-22 10:25:00,5.9800,5.9800,5.9601,5.9601,82430
2021-03-22 10:20:00,5.9790,5.9900,5.9710,5.9800,48481
2021-03-22 10:15:00,5.9800,5.9800,5.9700,5.9800,49037
2021-03-22 10:10:00,5.9750,5.9800,5.9700,5.9750,48978
2021-03-22 10:05:00,5.9750,5.9800,5.9700,5.9800,87023
2021-03-22 10:00:00,5.9700,5.9800,5.9700,5.9790,24626
2021-03-22 09:55:00,5.9800,5.9850,5.9700,5.9750,9734
2021-03-22 09:50:00,5.9750,5.9900,5.9700,5.9900,25877
2021-03-22 09:45:00,5.9800,5.9900,5.9715,5.9750,43069
2021-03-22 09:40:00,5.9950,6.0000,5.9800,5.9900,51038
2021-03-22 09:35:00,5.9800,6.0100,5.9800,5.9900,94812
2021-03-22 09:30:00,5.9900,5.9900,5.9900,5.9900,200
2021-03-22 09:00:00,6.0100,6.0100,6.0100,6.0100,158
2021-03-19 16:00:00,5.9950,6.0100,5.9900,6.0050,360941
2021-03-19 15:55:00,5.9950,6.0100,5.9900,5.9900,88303
2021-03-19 15:50:00,5.9950,6.0000,5.9900,5.9950,39437
2021-03-19 15:45:00,5.9950,6.0000,5.9900,6.0000,4156
2021-03-19 15:40:00,5.9950,6.0000,5.9900,5.9950,6887
2021-03-19 15:35:00,5.9850,6.0000,5.9800,6.0000,146485
2021-03-19 15:30:00,5.9890,5.9900,5.9850,5.9890,7270
2021-03-19 15:25:00,5.9844,5.9900,5.9800,5.9890,4431
2021-03-19 15:20:00,5.9900,5.9900,5.9850,5.9900,5985
2021-03-19 15:15:00,5.9900,5.9900,5.9835,5.9850,5166
2021-03-19 15:10:00,5.9900,5.9900,5.9800,5.9850,6222
2021-03-19 15:05:00,5.9900,6.0000,5.9850,5.9900,63031
2021-03-19 15:00:00,5.9890,5.9900,5.9800,5.9800,10302
2021-03-19 14:55:00,5.9800,5.9900,5.9800,5.9850,19059
2021-03-19 14:50:00,5.9890,5.9900,5.9807,5.9807,18055
2021-03-19 14:45:00,5.9900,5.9900,5.9829,5.9900,4216
2021-03-19 14:40:00,5.9900,5.9900,5.9800,5.9900,24850
2021-03-19 14:35:00,5.9842,5.9900,5.9830,5.9830,6446
2021-03-19 14:30:00,5.9890,5.9900,5.9800,5.9890,6206
2021-03-19 14:25:00,5.9900,5.9900,5.9800,5.9900,7381
2021-03-19 14:20:00,5.9900,5.9900,5.9850,5.9850,16756
2021-03-19 14:15:00,5.9850,5.9900,5.9800,5.9900,15047
2021-03-19 14:10:00,5.9805,5.9900,5.9805,5.9900,5493
2021-03-19 14:05:00,5.9900,6.0100,5.9850,5.9900,76800
2021-03-19 14:00:00,5.9950,6.0000,5.9950,6.0000,21906
2021-03-19 13:55:00,5.9922,6.0000,5.9900,6.0000,15095
2021-03-19 13:50:00,6.0000,6.0000,5.9930,5.9950,4253
2021-03-19 13:45:00,5.9900,6.0000,5.9801,5.9950,14452
2021-03-19 13:40:00,5.9890,5.9900,5.9800,5.9900,57789
2021-03-19 13:35:00,5.9850,5.9896,5.9828,5.9890,13261
2021-03-19 13:30:00,5.9800,5.9900,5.9800,5.9850,10783
2021-03-19 13:25:00,5.9850,5.9900,5.9850,5.9900,2125
2021-03-19 13:20:00,5.9890,5.9900,5.9801,5.9850,23899
2021-03-19 13:15:00,5.9800,5.9900,5.9800,5.9890,12064
2021-03-19 13:10:00,5.9750,5.9800,5.9750,5.9800,3596
2021-03-19 13:05:00,5.9750,5.9800,5.9627,5.9750,51015
2021-03-19 13:00:00,5.9790,5.9790,5.9700,5.9750,7296
2021-03-19 12:55:00,5.9728,5.9790,5.9700,5.9790,5429
2021-03-19 12:50:00,5.9750,5.9800,5.9750,5.9800,748
2021-03-19 12:45:00,5.9700,5.9750,5.9700,5.9750,25413
2021-03-19 12:40:00,5.9700,5.9700,5.9600,5.9650,11820
2021-03-19 12:35:00,5.9799,5.9799,5.9650,5.9700,31138
2021-03-19 12:30:00,5.9750,5.9750,5.9700,5.9700,7142
2021-03-19 12:25:00,5.9726,5.9750,5.9700,5.9750,3787
2021-03-19 12:20:00,5.9750,5.9750,5.9750,5.9750,702
2021-03-19 12:15:00,5.9750,5.9759,5.9700,5.9750,10801
2021-03-19 12:10:00,5.9899,5.9900,5.9700,5.9790,26431
2021-03-19 12:05:00,5.9800,5.9900,5.9750,5.9890,7479
2021-03-19 12:00:00,5.9800,5.9900,5.9750,5.9800,34239
2021-03-19 11:55:00,5.9790,5.9800,5.9735,5.9735,2204
2021-03-19 11:50:00,5.9750,5.9800,5.9700,5.9799,6791
2021-03-19 11:45:00,5.9750,5.9800,5.9750,5.9790,1694
2021-03-19 11:40:00,5.9750,5.9800,5.9700,5.9770,4879
2021-03-19 11:35:00,5.9550,5.9790,5.9534,5.9750,41188
2021-03-19 11:30:00,5.9650,5.9690,5.9528,5.9600,22968
2021-03-19 11:25:00,5.9650,5.9700,5.9600,5.9650,2505
2021-03-19 11:20:00,5.9650,5.9700,5.9601,5.9690,4885
2021-03-19 11:15:00,5.9600,5.9700,5.9600,5.9629,7715
2021-03-19 11:10:00,5.9690,5.9700,5.9650,5.9690,11406
2021-03-19 11:05:00,5.9690,5.9690,5.9600,5.9690,4317
2021-03-19 11:00:00,5.9650,5.9700,5.9600,5.9600,9387
2021-03-19 10:55:00,5.9600,5.9700,5.9600,5.9600,10500
2021-03-19 10:50:00,5.9550,5.9600,5.9538,5.9538,2655
2021-03-19 10:45:00,5.9500,5.9600,5.9450,5.9600,16349
2021-03-19 10:40:00,5.9500,5.9550,5.9450,5.9550,8503
2021-03-19 10:35:00,5.9700,5.9700,5.9400,5.9450,26954
2021-03-19 10:30:00,5.9700,5.9750,5.9600,5.9700,70932
2021-03-19 10:25:00,5.9750,5.9800,5.9700,5.9750,9875
2021-03-19 10:20:00,5.9500,5.9799,5.9500,5.9720,28632
2021-03-19 10:15:00,5.9550,5.9600,5.9450,5.9500,11122
2021-03-19 10:10:00,5.9610,5.9663,5.9450,5.9600,28102
2021-03-19 10:05:00,5.9700,5.9730,5.9600,5.9650,4858
2021-03-19 10:00:00,5.9700,5.9750,5.9600,5.9700,19058
2021-03-19 09:55:00,5.9550,5.9900,5.9550,5.9800,22706
2021-03-19 09:50:00,5.9800,5.9800,5.9500,5.9550,27039
2021-03-19 09:45:00,6.0000,6.0000,5.9750,5.9800,70768
2021-03-19 09:40:00,6.0100,6.0100,5.9915,6.0000,52320
2021-03-19 09:35:00,6.0100,6.0200,6.0000,6.0194,156497
2021-03-19 09:25:00,6.0200,6.0200,6.0200,6.0200,100
2021-03-19 09:10:00,6.0399,6.0399,6.0399,6.0399,100
2021-03-19 09:05:00,6.0500,6.0500,6.0500,6.0500,721
2021-03-19 09:00:00,6.0400,6.0600,6.0400,6.0600,1416
2021-03-19 08:55:00,6.0200,6.0200,6.0200,6.0200,800
2021-03-19 08:15:00,6.0300,6.0493,6.0300,6.0493,975
2021-03-19 08:05:00,5.9699,6.0100,5.9699,6.0100,11458
2021-03-18 16:05:00,5.9500,5.9500,5.9500,5.9500,1826
2021-03-18 16:00:00,5.9450,5.9500,5.9400,5.9500,83321
2021-03-18 15:55:00,5.9500,5.9500,5.9400,5.9400,45591
2021-03-18 15:50:00,5.9420,5.9500,5.9400,5.9500,66148
2021-03-18 15:45:00,5.9500,5.9500,5.9300,5.9450,86803
2021-03-18 15:40:00,5.9350,5.9500,5.9350,5.9500,31552
2021-03-18 15:35:00,5.9450,5.9500,5.9350,5.9350,51075
2021-03-18 15:30:00,5.9452,5.9500,5.9400,5.9450,6039
2021-03-18 15:25:00,5.9600,5.9600,5.9450,5.9450,12460
2021-03-18 15:20:00,5.9699,5.9699,5.9500,5.9550,15213
2021-03-18 15:15:00,5.9550,5.9700,5.9550,5.9650,40740
2021-03-18 15:10:00,5.9600,5.9600,5.9501,5.9550,20505
2021-03-18 15:05:00,5.9650,5.9680,5.9600,5.9600,4498
2021-03-18 15:00:00,5.9750,5.9750,5.9600,5.9700,31532
2021-03-18 14:55:00,5.9800,5.9850,5.9700,5.9763,26494
2021-03-18 14:50:00,5.9650,5.9800,5.9600,5.9750,24168
2021-03-18 14:45:00,5.9850,5.9900,5.9600,5.9626,110392
2021-03-18 14:40:00,5.9850,5.9900,5.9800,5.9800,24725
2021-03-18 14:35:00,5.9850,5.9900,5.9800,5.9826,21237
2021-03-18 14:30:00,5.9850,5.9900,5.9800,5.9900,4473
2021-03-18 14:25:00,5.9850,5.9900,5.9800,5.9900,6324
2021-03-18 14:20:00,5.9800,5.9900,5.9800,5.9800,84249
2021-03-18 14:15:00,5.9900,5.9900,5.9800,5.9804,57288
2021-03-18 14:10:00,6.0000,6.0000,5.9900,5.9900,3926
2021-03-18 14:05:00,5.9950,5.9950,5.9900,5.9950,2825
2021-03-18 14:00:00,5.9900,5.9950,5.9900,5.9950,1147
2021-03-18 13:55:00,5.9920,5.9950,5.9900,5.9950,22132
2021-03-18 13:50:00,5.9950,5.9950,5.9900,5.9900,11160
2021-03-18 13:45:00,5.9950,6.0000,5.9900,5.9950,3355
2021-03-18 13:40:00,5.9900,5.9950,5.9900,5.9950,6160
2021-03-18 13:35:00,5.9950,5.9950,5.9920,5.9950,3277
2021-03-18 13:30:00,6.0000,6.0000,5.9900,5.9950,5213
2021-03-18 13:25:00,5.9950,6.0000,5.9950,5.9950,8088
2021-03-18 13:20:00,5.9950,5.9999,5.9910,5.9950,1982
2021-03-18 13:15:00,5.9920,5.9950,5.9900,5.9900,22531
2021-03-18 13:10:00,6.0000,6.0000,5.9900,6.0000,5104
2021-03-18 13:05:00,5.9900,6.0000,5.9850,5.9900,17740
2021-03-18 13:00:00,5.9950,5.9950,5.9850,5.9900,72079
2021-03-18 12:55:00,5.9950,6.0000,5.9850,5.9950,169611
2021-03-18 12:50:00,6.0000,6.0000,5.9900,6.0000,4575
2021-03-18 12:45:00,5.9850,6.0000,5.9800,6.0000,137765
2021-03-18 12:40:00,5.9850,5.9850,5.9800,5.9850,3556
2021-03-18 12:35:00,5.9800,5.9900,5.9800,5.9850,11479
2021-03-18 12:30:00,5.9900,5.9900,5.9800,5.9850,31364
2021-03-18 12:25:00,5.9900,5.9900,5.9835,5.9850,4456
2021-03-18 12:20:00,5.9850,5.9900,5.9800,5.9850,8712
2021-03-18 12:15:00,5.9850,5.9900,5.9800,5.9900,7934
2021-03-18 12:10:00,5.9900,5.9900,5.9800,5.9900,15801
2021-03-18 12:05:00,5.9800,5.9900,5.9800,5.9850,3196
2021-03-18 12:00:00,5.9900,5.9900,5.9850,5.9900,3595
2021-03-18 11:55:00,5.9900,5.9900,5.9801,5.9900,5707
2021-03-18 11:50:00,5.9895,5.9895,5.9800,5.9850,2597
2021-03-18 11:45:00,5.9850,5.9854,5.9800,5.9850,7536
2021-03-18 11:40:00,5.9850,5.9900,5.9800,5.9850,2395
2021-03-18 11:35:00,5.9800,5.9858,5.9720,5.9858,36013
2021-03-18 11:30:00,5.9700,5.9800,5.9700,5.9700,6568
2021-03-18 11:25:00,5.9800,5.9850,5.9700,5.9700,25863
2021-03-18 11:20:00,6.0000,6.0000,5.9800,5.9800,56459
2021-03-18 11:15:00,6.0100,6.0100,6.0000,6.0050,20795
2021-03-18 11:10:00,6.0000,6.0100,5.9950,6.0090,58973
2021-03-18 11:05:00,5.9999,6.0000,5.9900,5.9950,2049
2021-03-18 11:00:00,5.9900,6.0000,5.9900,5.9950,1876
2021-03-18 10:55:00,5.9900,5.9950,5.9850,5.9950,34357
2021-03-18 10:50:00,5.9950,6.0000,5.9900,5.9900,5636
2021-03-18 10:45:00,6.0000,6.0000,5.9900,5.9950,5314
2021-03-18 10:40:00,5.9900,5.9999,5.9900,5.9900,8416
2021-03-18 10:35:00,5.9800,5.9950,5.9800,5.9950,80164
2021-03-18 10:30:00,5.9750,5.9900,5.9750,5.9850,60218
2021-03-18 10:25:00,5.9795,5.9800,5.9700,5.9800,2740
2021-03-18 10:20:00,5.9700,5.9800,5.9700,5.9770,21558
2021-03-18 10:15:00,5.9700,5.9720,5.9600,5.9700,8587
2021-03-18 10:10:00,5.9599,5.9750,5.9550,5.9750,41576
2021-03-18 10:05:00,5.9680,5.9680,5.9500,5.9500,13963
2021-03-18 10:00:00,5.9550,5.9700,5.9501,5.9650,17242
2021-03-18 09:55:00,5.9600,5.9650,5.9401,5.9600,18511
2021-03-18 09:50:00,5.9600,5.9700,5.9550,5.9650,33376
2021-03-18 09:45:00,5.9550,5.9600,5.9550,5.9550,1501
2021-03-18 09:40:00,5.9400,5.9600,5.9400,5.9600,16402
2021-03-18 09:35:00,5.9500,5.9600,5.9400,5.9400,129871
2021-03-18 09:30:00,5.9400,5.9600,5.9400,5.9500,1332
2021-03-18 09:25:00,5.9400,5.9500,5.9400,5.9400,1500
2021-03-18 09:20:00,5.9400,5.9500,5.9400,5.9500,2454
2021-03-18 08:15:00,5.9000,5.9300,5.9000,5.9300,2300
2021-03-18 07:15:00,5.8800,5.8800,5.8800,5.8800,100
2021-03-17 16:05:00,5.6400,5.6400,5.6400,5.6400,1828
2021-03-17 16:00:00,5.6450,5.6500,5.6400,5.6400,62928
2021-03-17 15:55:00,5.6500,5.6500,5.6400,5.6400,16251
2021-03-17 15:50:00,5.6400,5.6500,5.6400,5.6500,13384
2021-03-17 15:45:00,5.6500,5.6550,5.6400,5.6400,16068
2021-03-17 15:40:00,5.6500,5.6600,5.6500,5.6550,9132
2021-03-17 15:35:00,5.6450,5.6550,5.6400,5.6500,49761
2021-03-17 15:30:00,5.6450,5.6499,5.6400,5.6499,1923
2021-03-17 15:25:00,5.6400,5.6450,5.6400,5.6400,3053
2021-03-17 15:20:00,5.6400,5.6450,5.6400,5.6400,6253
2021-03-17 15:15:00,5.6450,5.6470,5.6350,5.6400,19956
2021-03-17 15:10:00,5.6500,5.6550,5.6450,5.6450,34292
2021-03-17 15:05:00,5.6500,5.6566,5.6450,5.6550,24259
2021-03-17 15:00:00,5.6500,5.6550,5.6500,5.6500,3377
2021-03-17 14:55:00,5.6500,5.6600,5.6500,5.6600,20957
2021-03-17 14:50:00,5.6500,5.6550,5.6450,5.6500,30439
2021-03-17 14:45:00,5.6500,5.6585,5.6423,5.6550,24632
2021-03-17 14:40:00,5.6500,5.6500,5.6450,5.6450,11801
2021-03-17 14:35:00,5.6460,5.6500,5.6400,5.6450,5359
2021-03-17 14:30:00,5.6400,5.6500,5.6400,5.6400,7624
2021-03-17 14:25:00,5.6500,5.6550,5.6400,5.6400,21739
2021-03-17 14:20:00,5.6650,5.6650,5.6500,5.6550,40547
2021-03-17 14:15:00,5.6550,5.6700,5.6550,5.6650,18918
2021-03-17 14:10:00,5.6500,5.6600,5.6500,5.6500,9300
2021-03-17 14:05:00,5.6400,5.6500,5.6300,5.6400,39760
2021-03-17 14:00:00,5.6400,5.6400,5.6300,5.6300,28393
2021-03-17 13:55:00,5.6450,5.6450,5.6400,5.6450,13691
2021-03-17 13:50:00,5.6450,5.6450,5.6420,5.6420,639
2021-03-17 13:45:00,5.6400,5.6450,5.6400,5.6420,7520
2021-03-17 13:40:00,5.6400,5.6450,5.6400,5.6450,1372
2021-03-17 13:35:00,5.6450,5.6450,5.6400,5.6400,1620
2021-03-17 13:30:00,5.6450,5.6500,5.6400,5.6400,2178
2021-03-17 13:25:00,5.6450,5.6450,5.6400,5.6400,6663
2021-03-17 13:20:00,5.6450,5.6479,5.6400,5.6450,5878
2021-03-17 13:15:00,5.6450,5.6450,5.6441,5.6450,4109
2021-03-17 13:10:00,5.6400,5.6450,5.6400,5.6400,5318
2021-03-17 13:05:00,5.6450,5.6462,5.6400,5.6450,2920
2021-03-17 13:00:00,5.6450,5.6450,5.6400,5.6400,5293
2021-03-17 12:55:00,5.6350,5.6450,5.6300,5.6450,25762
2021-03-17 12:50:00,5.6300,5.6400,5.6300,5.6350,37308
2021-03-17 12:45:00,5.6400,5.6400,5.6250,5.6250,62152
2021-03-17 12:40:00,5.6400,5.6400,5.6400,5.6400,1470
2021-03-17 12:35:00,5.6400,5.6400,5.6350,5.6400,2462
2021-03-17 12:30:00,5.6400,5.6500,5.6350,5.6400,13628
2021-03-17 12:25:00,5.6520,5.6550,5.6350,5.6400,45291
2021-03-17 12:20:00,5.6500,5.6550,5.6500,5.6500,9155
2021-03-17 12:15:00,5.6500,5.6557,5.6500,5.6550,1670
2021-03-17 12:10:00,5.6599,5.6599,5.6500,5.6550,7213
2021-03-17 12:05:00,5.6500,5.6550,5.6500,5.6550,1467
2021-03-17 12:00:00,5.6550,5.6550,5.6500,5.6550,7334
2021-03-17 11:55:00,5.6550,5.6550,5.6550,5.6550,179
2021-03-17 11:50:00,5.6600,5.6600,5.6550,5.6550,6466
2021-03-17 11:45:00,5.6500,5.6600,5.6450,5.6550,21700
2021-03-17 11:40:00,5.6500,5.6500,5.6450,5.6450,1211
2021-03-17 11:35:00,5.6450,5.6500,5.6450,5.6450,991
2021-03-17 11:30:00,5.6450,5.6500,5.6400,5.6450,4288
2021-03-17 11:25:00,5.6400,5.6400,5.6400,5.6400,1528
2021-03-17 11:20:00,5.6450,5.6499,5.6400,5.6420,8731
2021-03-17 11:15:00,5.6450,5.6450,5.6400,5.6400,305
2021-03-17 11:10:00,5.6500,5.6500,5.6400,5.6400,6334
2021-03-17 11:05:00,5.6350,5.6450,5.6350,5.6450,15993
2021-03-17 11:00:00,5.6250,5.6400,5.6200,5.6301,9662
2021-03-17 10:55:00,5.6300,5.6300,5.6280,5.6300,12814
2021-03-17 10:50:00,5.6400,5.6400,5.6300,5.6350,12543
2021-03-17 10:45:00,5.6450,5.6450,5.6326,5.6326,9451
2021-03-17 10:40:00,5.6560,5.6560,5.6400,5.6450,25245
2021-03-17 10:35:00,5.6650,5.6650,5.6600,5.6600,3772
2021-03-17 10:30:00,5.6600,5.6650,5.6600,5.6650,11993
2021-03-17 10:25:00,5.6700,5.6700,5.6550,5.6550,5892
2021-03-17 10:20:00,5.6650,5.6700,5.6600,5.6600,3579
2021-03-17 10:15:00,5.6650,5.6650,5.6600,5.6620,17279
2021-03-17 10:10:00,5.6650,5.6680,5.6650,5.6650,1526
2021-03-17 10:05:00,5.6750,5.6750,5.6700,5.6700,7693
2021-03-17 10:00:00,5.6900,5.6900,5.6700,5.6750,25128
2021-03-17 09:55:00,5.6850,5.6850,5.6843,5.6850,998
2021-03-17 09:50:00,5.6950,5.7000,5.6850,5.6899,22690
2021-03-17 09:45:00,5.6950,5.6950,5.6900,5.6900,520
2021-03-17 09:40:00,5.6750,5.7000,5.6750,5.7000,23102
2021-03-17 09:35:00,5.6600,5.6800,5.6600,5.6700,356364
2021-03-17 09:25:00,5.6300,5.6300,5.6300,5.6300,621
2021-03-17 08:55:00,5.6300,5.6300,5.6200,5.6200,1900
2021-03-16 16:05:00,5.6200,5.6200,5.6200,5.6200,1719
2021-03-16 16:00:00,5.6000,5.6300,5.6000,5.6300,383354
2021-03-16 15:55:00,5.6050,5.6100,5.6000,5.6050,63819
2021-03-16 15:50:00,5.6000,5.6100,5.6000,5.6000,47450
2021-03-16 15:45:00,5.6100,5.6100,5.6000,5.6050,15080
2021-03-16 15:40:00,5.6050,5.6100,5.6000,5.6050,35275
2021-03-16 15:35:00,5.6050,5.6100,5.6000,5.6050,33138
2021-03-16 15:30:00,5.6150,5.6200,5.6000,5.6050,136360
2021-03-16 15:25:00,5.6150,5.6200,5.6100,5.6150,22043
2021-03-16 15:20:00,5.6200,5.6200,5.6100,5.6200,17675
2021-03-16 15:15:00,5.6150,5.6200,5.6100,5.6200,25161
2021-03-16 15:10:00,5.6150,5.6200,5.6100,5.6150,33289
2021-03-16 15:05:00,5.6200,5.6200,5.6100,5.6150,19543
2021-03-16 15:00:00,5.6200,5.6200,5.6100,5.6100,11742
2021-03-16 14:55:00,5.6100,5.6200,5.6100,5.6100,18194
2021-03-16 14:50:00,5.6150,5.6200,5.6100,5.6150,9649
2021-03-16 14:45:00,5.6150,5.6200,5.6100,5.6150,6564
2021-03-16 14:40:00,5.6150,5.6200,5.6100,5.6200,14582
2021-03-16 14:35:00,5.6150,5.6200,5.6100,5.6200,8207
2021-03-16 14:30:00,5.6150,5.6200,5.6100,5.6200,32423
2021-03-16 14:25:00,5.6150,5.6200,5.6100,5.6150,29876
2021-03-16 14:20:00,5.6100,5.6200,5.6100,5.6200,22030
2021-03-16 14:15:00,5.6150,5.6200,5.6150,5.6200,16180
2021-03-16 14:10:00,5.6200,5.6200,5.6100,5.6150,3340
2021-03-16 14:05:00,5.6200,5.6200,5.6100,5.6200,9088
2021-03-16 14:00:00,5.6200,5.6200,5.6100,5.6150,8171
2021-03-16 13:55:00,5.6200,5.6200,5.6100,5.6150,14754
2021-03-16 13:50:00,5.6200,5.6200,5.6100,5.6200,3069
2021-03-16 13:45:00,5.6200,5.6200,5.6100,5.6150,13959
2021-03-16 13:40:00,5.6150,5.6200,5.6100,5.6100,8482
2021-03-16 13:35:00,5.6150,5.6200,5.6124,5.6124,3742
2021-03-16 13:30:00,5.6200,5.6200,5.6120,5.6200,2006
2021-03-16 13:25:00,5.6200,5.6200,5.6150,5.6200,11913
2021-03-16 13:20:00,5.6200,5.6200,5.6100,5.6200,2159
2021-03-16 13:15:00,5.6200,5.6200,5.6100,5.6200,20411
2021-03-16 13:10:00,5.6200,5.6200,5.6150,5.6200,13503
2021-03-16 13:05:00,5.6200,5.6200,5.6100,5.6200,8885
2021-03-16 13:00:00,5.6200,5.6200,5.6100,5.6150,5180
2021-03-16 12:55:00,5.6150,5.6200,5.6100,5.6200,4804
2021-03-16 12:50:00,5.6200,5.6200,5.6100,5.6200,1734
2021-03-16 12:45:00,5.6100,5.6200,5.6100,5.6150,30336
2021-03-16 12:40:00,5.6198,5.6200,5.6150,5.6200,2277
2021-03-16 12:35:00,5.6150,5.6200,5.6150,5.6200,5589
2021-03-16 12:30:00,5.6200,5.6200,5.6150,5.6200,4892
2021-03-16 12:25:00,5.6200,5.6200,5.6100,5.6200,7200
2021-03-16 12:20:00,5.6150,5.6200,5.6100,5.6200,40784
2021-03-16 12:15:00,5.6163,5.6200,5.6150,5.6200,11902
2021-03-16 12:10:00,5.6200,5.6200,5.6150,5.6200,5549
2021-03-16 12:05:00,5.6100,5.6200,5.6100,5.6200,6307
2021-03-16 12:00:00,5.6100,5.6200,5.6050,5.6199,77658
2021-03-16 11:55:00,5.6100,5.6100,5.6050,5.6100,4341
2021-03-16 11:50:00,5.6100,5.6100,5.6050,5.6050,2301
2021-03-16 11:45:00,5.6100,5.6100,5.6000,5.6100,4591
2021-03-16 11:40:00,5.6100,5.6100,5.6000,5.6100,11825
2021-03-16 11:35:00,5.6100,5.6100,5.6000,5.6100,4469
2021-03-16 11:30:00,5.6050,5.6100,5.6050,5.6050,2633
2021-03-16 11:25:00,5.6050,5.6100,5.6000,5.6100,69444
2021-03-16 11:20:00,5.6100,5.6100,5.6050,5.6100,3179
2021-03-16 11:15:00,5.6050,5.6100,5.6050,5.6100,7924
2021-03-16 11:10:00,5.5963,5.6100,5.5950,5.6100,36226
2021-03-16 11:05:00,5.5990,5.6000,5.5950,5.6000,14292
2021-03-16 11:00:00,5.5957,5.6000,5.5950,5.6000,5483
2021-03-16 10:55:00,5.6050,5.6050,5.5950,5.6000,37309
2021-03-16 10:50:00,5.6100,5.6200,5.6000,5.6050,29205
2021-03-16 10:45:00,5.6200,5.6200,5.6100,5.6150,11632
2021-03-16 10:40:00,5.6150,5.6200,5.6100,5.6200,7816
2021-03-16 10:35:00,5.6200,5.6200,5.6150,5.6150,3139
2021-03-16 10:30:00,5.6200,5.6200,5.6100,5.6200,2949
2021-03-16 10:25:00,5.6200,5.6200,5.6150,5.6200,2665
2021-03-16 10:20:00,5.6100,5.6200,5.6100,5.6150,56490
2021-03-16 10:15:00,5.6100,5.6100,5.6000,5.6100,10958
2021-03-16 10:10:00,5.6150,5.6200,5.6050,5.6150,23766
2021-03-16 10:05:00,5.6350,5.6400,5.6101,5.6101,37205
2021-03-16 10:00:00,5.6400,5.6400,5.6300,5.6350,2916
2021-03-16 09:55:00,5.6400,5.6400,5.6300,5.6400,6405
2021-03-16 09:50:00,5.6400,5.6400,5.6300,5.6400,4703
2021-03-16 09:45:00,5.6350,5.6400,5.6350,5.6350,6136
2021-03-16 09:40:00,5.6350,5.6400,5.6300,5.6350,5106
2021-03-16 09:35:00,5.6100,5.6400,5.6100,5.6300,108917
2021-03-16 09:30:00,5.6300,5.6400,5.6200,5.6400,5648
2021-03-16 09:25:00,5.6400,5.6400,5.6300,5.6300,1400
2021-03-15 16:05:00,5.6700,5.6700,5.6700,5.6700,882
2021-03-15 16:00:00,5.6600,5.6700,5.6550,5.6700,139207
2021-03-15 15:55:00,5.6500,5.6600,5.6500,5.6600,115531
2021-03-15 15:50:00,5.6600,5.6600,5.6500,5.6500,13489
2021-03-15 15:45:00,5.6500,5.6600,5.6450,5.6550,49904
2021-03-15 15:40:00,5.6500,5.6500,5.6400,5.6500,18739
2021-03-15 15:35:00,5.6500,5.6500,5.6400,5.6500,10665
2021-03-15 15:30:00,5.6500,5.6500,5.6400,5.6400,8963
2021-03-15 15:25:00,5.6450,5.6500,5.6400,5.6400,25720
2021-03-15 15:20:00,5.6500,5.6500,5.6400,5.6400,65358
2021-03-15 15:15:00,5.6410,5.6500,5.6400,5.6400,5639
2021-03-15 15:10:00,5.6450,5.6500,5.6400,5.6490,6826
2021-03-15 15:05:00,5.6500,5.6500,5.6400,5.6400,1873
2021-03-15 15:00:00,5.6450,5.6500,5.6450,5.6450,11880
2021-03-15 14:55:00,5.6450,5.6500,5.6400,5.6500,5080
2021-03-15 14:50:00,5.6450,5.6500,5.6400,5.6450,41446
2021-03-15 14:45:00,5.6400,5.6500,5.6400,5.6500,5976
2021-03-15 14:40:00,5.6500,5.6500,5.6400,5.6490,7795
2021-03-15 14:35:00,5.6500,5.6500,5.6400,5.6490,5145
2021-03-15 14:30:00,5.6470,5.6500,5.6421,5.6500,9444
2021-03-15 14:25:00,5.6500,5.6500,5.6450,5.6500,12575
2021-03-15 14:20:00,5.6500,5.6500,5.6400,5.6500,16453
2021-03-15 14:15:00,5.6500,5.6500,5.6400,5.6463,3557
2021-03-15 14:10:00,5.6500,5.6500,5.6400,5.6459,22548
2021-03-15 14:05:00,5.6500,5.6500,5.6400,5.6500,1328
2021-03-15 14:00:00,5.6480,5.6500,5.6400,5.6400,3672
2021-03-15 13:55:00,5.6500,5.6500,5.6400,5.6400,8186
2021-03-15 13:50:00,5.6490,5.6500,5.6400,5.6500,8363
2021-03-15 13:45:00,5.6500,5.6500,5.6400,5.6400,56011
2021-03-15 13:40:00,5.6500,5.6500,5.6400,5.6450,9395
2021-03-15 13:35:00,5.6500,5.6500,5.6400,5.6450,6931
2021-03-15 13:30:00,5.6450,5.6500,5.6450,5.6500,7431
2021-03-15 13:25:00,5.6400,5.6500,5.6350,5.6500,38048
2021-03-15 13:20:00,5.6305,5.6400,5.6300,5.6400,3703
2021-03-15 13:15:00,5.6350,5.6400,5.6250,5.6400,97337
2021-03-15 13:10:00,5.6400,5.6400,5.6300,5.6350,43763
2021-03-15 13:05:00,5.6400,5.6400,5.6300,5.6350,5599
2021-03-15 13:00:00,5.6350,5.6400,5.6300,5.6400,3649
2021-03-15 12:55:00,5.6350,5.6400,5.6300,5.6363,9716
2021-03-15 12:50:00,5.6350,5.6400,5.6300,5.6400,6082
2021-03-15 12:45:00,5.6300,5.6400,5.6300,5.6400,3081
2021-03-15 12:40:00,5.6390,5.6400,5.6300,5.6301,10817
2021-03-15 12:35:00,5.6400,5.6400,5.6300,5.6390,4008
2021-03-15 12:30:00,5.6350,5.6400,5.6300,5.6390,3932
2021-03-15 12:25:00,5.6300,5.6400,5.6250,5.6350,52077
2021-03-15 12:20:00,5.6300,5.6300,5.6250,5.6290,4349
2021-03-15 12:15:00,5.6250,5.6300,5.6250,5.6300,8654
2021-03-15 12:10:00,5.6250,5.6300,5.6200,5.6300,12031
2021-03-15 12:05:00,5.6290,5.6300,5.6200,5.6200,12975
2021-03-15 12:00:00,5.6259,5.6300,5.6200,5.6300,11117
2021-03-15 11:55:00,5.6300,5.6300,5.6200,5.6300,3308
2021-03-15 11:50:00,5.6250,5.6250,5.6200,5.6200,11440
2021-03-15 11:45:00,5.6250,5.6290,5.6200,5.6250,4086
2021-03-15 11:40:00,5.6300,5.6300,5.6200,5.6200,25207
2021-03-15 11:35:00,5.6390,5.6390,5.6300,5.6350,7075
2021-03-15 11:30:00,5.6550,5.6590,5.6326,5.6400,88415
2021-03-15 11:25:00,5.6700,5.6700,5.6500,5.6500,54504
2021-03-15 11:20:00,5.6650,5.6700,5.6600,5.6650,6742
2021-03-15 11:15:00,5.6700,5.6700,5.6600,5.6700,8773
2021-03-15 11:10:00,5.6600,5.6700,5.6600,5.6700,8465
2021-03-15 11:05:00,5.6550,5.6600,5.6500,5.6600,18912
2021-03-15 11:00:00,5.6500,5.6600,5.6400,5.6550,23410
2021-03-15 10:55:00,5.6590,5.6590,5.6421,5.6500,39992
2021-03-15 10:50:00,5.6650,5.6650,5.6550,5.6590,20591
2021-03-15 10:45:00,5.6700,5.6700,5.6600,5.6700,2769
2021-03-15 10:40:00,5.6700,5.6700,5.6600,5.6700,7096
2021-03-15 10:35:00,5.6700,5.6700,5.6600,5.6700,16965
2021-03-15 10:30:00,5.6600,5.6700,5.6600,5.6650,26169
2021-03-15 10:25:00,5.6550,5.6600,5.6500,5.6590,5653
2021-03-15 10:20:00,5.6550,5.6590,5.6500,5.6550,1949
2021-03-15 10:15:00,5.6450,5.6550,5.6400,5.6550,7862
2021-03-15 10:10:00,5.6550,5.6590,5.6420,5.6450,35136
2021-03-15 10:05:00,5.6590,5.6590,5.6450,5.6580,22170
2021-03-15 10:00:00,5.6600,5.6654,5.6520,5.6590,34258
2021-03-15 09:55:00,5.6600,5.6650,5.6500,5.6500,50922
2021-03-15 09:50:00,5.6750,5.6790,5.6600,5.6650,22812
2021-03-15 09:45:00,5.6850,5.6850,5.6700,5.6700,19009
2021-03-15 09:40:00,5.7100,5.7100,5.6800,5.6850,39520
2021-03-15 09:35:00,5.6600,5.7100,5.6600,5.7000,222067
2021-03-15 09:30:00,5.6700,5.6700,5.6700,5.6700,676
2021-03-15 09:25:00,5.6600,5.6600,5.6600,5.6600,1554
2021-03-15 09:20:00,5.6600,5.6600,5.6600,5.6600,1080
2021-03-15 08:40:00,5.7000,5.7000,5.7000,5.7000,100
2021-03-12 16:00:00,5.5300,5.5400,5.5300,5.5400,72051
2021-03-12 15:55:00,5.5300,5.5400,5.5300,5.5300,21513
2021-03-12 15:50:00,5.5300,5.5400,5.5300,5.5399,54196
2021-03-12 15:45:00,5.5350,5.5400,5.5300,5.5400,24686
2021-03-12 15:40:00,5.5200,5.5400,5.5200,5.5350,26304
2021-03-12 15:35:00,5.5300,5.5300,5.5200,5.5250,2821
2021-03-12 15:30:00,5.5200,5.5300,5.5200,5.5250,19746
2021-03-12 15:25:00,5.5201,5.5201,5.5201,5.5201,240
2021-03-12 15:20:00,5.5299,5.5299,5.5200,5.5250,3390
2021-03-12 15:15:00,5.5250,5.5250,5.5200,5.5250,4686
2021-03-12 15:10:00,5.5266,5.5300,5.5200,5.5250,4407
2021-03-12 15:05:00,5.5250,5.5300,5.5236,5.5250,3266
2021-03-12 15:00:00,5.5299,5.5300,5.5200,5.5250,9303
2021-03-12 14:55:00,5.5290,5.5290,5.5200,5.5250,5922
2021-03-12 14:50:00,5.5299,5.5300,5.5200,5.5300,3527
2021-03-12 14:45:00,5.5250,5.5300,5.5200,5.5299,9401
2021-03-12 14:40:00,5.5250,5.5300,5.5200,5.5200,5535
2021-03-12 14:35:00,5.5250,5.5250,5.5200,5.5250,5237
2021-03-12 14:30:00,5.5250,5.5250,5.5200,5.5250,3470
2021-03-12 14:25:00,5.5250,5.5250,5.5200,5.5200,23198
2021-03-12 14:20:00,5.5300,5.5300,5.5200,5.5300,5672
2021-03-12 14:15:00,5.5200,5.5300,5.5199,5.5300,21355
2021-03-12 14:10:00,5.5200,5.5200,5.5100,5.5200,47924
2021-03-12 14:05:00,5.5100,5.5200,5.5050,5.5200,19744
2021-03-12 14:00:00,5.5100,5.5100,5.5000,5.5000,11085
2021-03-12 13:55:00,5.5050,5.5100,5.5000,5.5050,3948
2021-03-12 13:50:00,5.5100,5.5100,5.5000,5.5050,23907
2021-03-12 13:45:00,5.5150,5.5199,5.5050,5.5100,26270
2021-03-12 13:40:00,5.5180,5.5180,5.5100,5.5100,7553
2021-03-12 13:35:00,5.5100,5.5150,5.5100,5.5100,8750
2021-03-12 13:30:00,5.5200,5.5200,5.5100,5.5100,32292
2021-03-12 13:25:00,5.5150,5.5200,5.5100,5.5150,1126
2021-03-12 13:20:00,5.5150,5.5200,5.5100,5.5150,2790
2021-03-12 13:15:00,5.5200,5.5200,5.5100,5.5100,8596
2021-03-12 13:10:00,5.5199,5.5200,5.5150,5.5200,1562
2021-03-12 13:05:00,5.5130,5.5150,5.5100,5.5100,2646
2021-03-12 13:00:00,5.5120,5.5173,5.5100,5.5100,2720
2021-03-12 12:55:00,5.5300,5.5300,5.5100,5.5200,15833
2021-03-12 12:50:00,5.5200,5.5300,5.5200,5.5250,4879
2021-03-12 12:45:00,5.5250,5.5250,5.5250,5.5250,845
2021-03-12 12:40:00,5.5250,5.5300,5.5200,5.5250,4118
2021-03-12 12:35:00,5.5300,5.5300,5.5250,5.5250,5268
2021-03-12 12:30:00,5.5300,5.5300,5.5200,5.5250,1485
2021-03-12 12:25:00,5.5300,5.5300,5.5200,5.5250,10322
2021-03-12 12:20:00,5.5290,5.5300,5.5200,5.5250,1923
2021-03-12 12:15:00,5.5300,5.5300,5.5200,5.5250,4522
2021-03-12 12:10:00,5.5200,5.5300,5.5200,5.5250,1607
2021-03-12 12:05:00,5.5250,5.5275,5.5200,5.5250,6190
2021-03-12 12:00:00,5.5250,5.5250,5.5200,5.5250,1697
2021-03-12 11:55:00,5.5250,5.5290,5.5200,5.5290,1082
2021-03-12 11:50:00,5.5250,5.5300,5.5200,5.5200,3322
2021-03-12 11:45:00,5.5200,5.5250,5.5200,5.5200,7779
2021-03-12 11:40:00,5.5200,5.5250,5.5100,5.5150,15099
2021-03-12 11:35:00,5.5250,5.5300,5.5200,5.5200,1322
2021-03-12 11:30:00,5.5200,5.5295,5.5200,5.5221,20393
2021-03-12 11:25:00,5.5200,5.5300,5.5200,5.5200,15681
2021-03-12 11:20:00,5.5250,5.5300,5.5200,5.5200,15058
2021-03-12 11:15:00,5.5380,5.5380,5.5250,5.5250,14015
2021-03-12 11:10:00,5.5320,5.5400,5.5301,5.5350,3611
2021-03-12 11:05:00,5.5350,5.5400,5.5300,5.5350,5086
2021-03-12 11:00:00,5.5300,5.5350,5.5300,5.5300,8204
2021-03-12 10:55:00,5.5350,5.5350,5.5300,5.5300,9082
2021-03-12 10:50:00,5.5380,5.5400,5.5346,5.5400,1390
2021-03-12 10:45:00,5.5350,5.5399,5.5300,5.5310,1454
2021-03-12 10:40:00,5.5350,5.5350,5.5300,5.5350,1264
2021-03-12 10:35:00,5.5350,5.5350,5.5300,5.5350,3210
2021-03-12 10:30:00,5.5500,5.5500,5.5300,5.5300,3165
2021-03-12 10:25:00,5.5500,5.5500,5.5400,5.5450,26450
2021-03-12 10:20:00,5.5750,5.5799,5.5500,5.5550,98102
2021-03-12 10:15:00,5.5650,5.5800,5.5600,5.5800,17476
2021-03-12 10:10:00,5.5550,5.5700,5.5501,5.5650,12634
2021-03-12 10:05:00,5.5550,5.5600,5.5550,5.5550,2748
2021-03-12 10:00:00,5.5500,5.5600,5.5500,5.5500,33919
2021-03-12 09:55:00,5.5300,5.5500,5.5300,5.5500,31729
2021-03-12 09:50:00,5.5350,5.5400,5.5250,5.5250,18680
2021-03-12 09:45:00,5.5400,5.5400,5.5400,5.5400,234
2021-03-12 09:40:00,5.5200,5.5300,5.5100,5.5300,31284
2021-03-12 09:35:00,5.5300,5.5400,5.5200,5.5200,60360
2021-03-12 09:05:00,5.5400,5.5400,5.5400,5.5400,100
2021-03-12 08:45:00,5.5400,5.5400,5.5400,5.5400,400
2021-03-12 08:05:00,5.5400,5.5400,5.5400,5.5400,1000
2021-03-12 07:35:00,5.5000,5.5000,5.5000,5.5000,992
2021-03-11 16:00:00,5.5000,5.5100,5.4900,5.5000,114746
2021-03-11 15:55:00,5.5000,5.5050,5.4900,5.5000,51624
2021-03-11 15:50:00,5.4800,5.5000,5.4750,5.5000,128830
2021-03-11 15:45:00,5.4750,5.4800,5.4700,5.4800,11694
2021-03-11 15:40:00,5.4800,5.4850,5.4700,5.4700,26777
2021-03-11 15:35:00,5.4850,5.4900,5.4800,5.4850,16445
2021-03-11 15:30:00,5.4800,5.4900,5.4800,5.4850,6505
2021-03-11 15:25:00,5.4900,5.4900,5.4800,5.4850,10556
2021-03-11 15:20:00,5.4850,5.4900,5.4800,5.4900,4332
2021-03-11 15:15:00,5.5000,5.5000,5.4850,5.4850,32371
2021-03-11 15:10:00,5.4960,5.5000,5.4900,5.5000,7983
2021-03-11 15:05:00,5.4900,5.5000,5.4900,5.4950,3302
2021-03-11 15:00:00,5.5000,5.5000,5.4900,5.5000,7274
2021-03-11 14:55:00,5.4950,5.5000,5.4900,5.4900,5415
2021-03-11 14:50:00,5.5100,5.5100,5.4950,5.4950,54679
2021-03-11 14:45:00,5.5100,5.5100,5.5050,5.5100,15205
2021-03-11 14:40:00,5.5050,5.5100,5.5000,5.5050,20362
2021-03-11 14:35:00,5.5050,5.5100,5.5000,5.5100,36799
2021-03-11 14:30:00,5.5100,5.5150,5.5000,5.5000,81742
2021-03-11 14:25:00,5.5090,5.5100,5.5020,5.5100,4109
2021-03-11 14:20:00,5.5050,5.5100,5.5000,5.5100,6668
2021-03-11 14:15:00,5.5100,5.5100,5.5000,5.5000,14023
2021-03-11 14:10:00,5.5050,5.5100,5.5050,5.5050,30202
2021-03-11 14:05:00,5.5100,5.5100,5.5050,5.5080,6003
2021-03-11 14:00:00,5.5100,5.5100,5.5000,5.5050,3924
2021-03-11 13:55:00,5.5050,5.5100,5.5000,5.5100,2922
2021-03-11 13:50:00,5.5000,5.5100,5.5000,5.5100,3871
2021-03-11 13:45:00,5.5050,5.5100,5.5030,5.5100,4810
2021-03-11 13:40:00,5.5000,5.5100,5.5000,5.5050,27373
2021-03-11 13:35:00,5.5050,5.5099,5.5021,5.5099,4455
2021-03-11 13:30:00,5.5050,5.5100,5.5050,5.5050,1606
2021-03-11 13:25:00,5.5100,5.5100,5.5050,5.5050,2994
2021-03-11 13:20:00,5.5075,5.5100,5.5050,5.5050,1745
2021-03-11 13:15:00,5.5100,5.5100,5.5050,5.5050,745
2021-03-11 13:10:00,5.5050,5.5100,5.5050,5.5050,7722
2021-03-11 13:05:00,5.5000,5.5100,5.4999,5.5100,14089
2021-03-11 13:00:00,5.5000,5.5000,5.4900,5.4950,25921
2021-03-11 12:55:00,5.4950,5.5000,5.4900,5.5000,29723
2021-03-11 12:50:00,5.4950,5.5000,5.4900,5.5000,5280
2021-03-11 12:45:00,5.4900,5.5000,5.4900,5.4900,19861
2021-03-11 12:40:00,5.5000,5.5000,5.5000,5.5000,810
2021-03-11 12:35:00,5.5000,5.5000,5.4900,5.5000,21155
2021-03-11 12:30:00,5.5100,5.5100,5.4900,5.5000,37025
2021-03-11 12:25:00,5.5000,5.5000,5.5000,5.5000,931
2021-03-11 12:20:00,5.5100,5.5100,5.5000,5.5050,1262
2021-03-11 12:15:00,5.5100,5.5100,5.5050,5.5050,991
2021-03-11 12:10:00,5.5039,5.5100,5.5001,5.5100,6652
2021-03-11 12:05:00,5.5100,5.5100,5.5000,5.5000,7205
2021-03-11 12:00:00,5.5200,5.5200,5.5100,5.5100,2764
2021-03-11 11:55:00,5.5100,5.5250,5.5100,5.5161,36096
2021-03-11 11:50:00,5.5100,5.5200,5.5100,5.5200,20401
2021-03-11 11:45:00,5.5100,5.5100,5.5050,5.5100,3114
2021-03-11 11:40:00,5.5120,5.5150,5.5050,5.5100,21737
2021-03-11 11:35:00,5.5100,5.5200,5.5100,5.5150,15250
2021-03-11 11:30:00,5.5200,5.5200,5.5100,5.5100,15082
2021-03-11 11:25:00,5.5150,5.5200,5.5100,5.5200,2007
2021-03-11 11:20:00,5.5200,5.5200,5.5100,5.5200,3399
2021-03-11 11:15:00,5.5100,5.5199,5.5100,5.5100,3554
2021-03-11 11:10:00,5.5300,5.5350,5.5100,5.5100,108816
2021-03-11 11:05:00,5.5300,5.5300,5.5250,5.5250,21386
2021-03-11 11:00:00,5.5300,5.5300,5.5250,5.5250,3575
2021-03-11 10:55:00,5.5150,5.5300,5.5150,5.5300,33374
2021-03-11 10:50:00,5.5100,5.5200,5.5100,5.5200,44957
2021-03-11 10:45:00,5.5000,5.5100,5.5000,5.5050,2463
2021-03-11 10:40:00,5.5000,5.5100,5.5000,5.5080,1319
2021-03-11 10:35:00,5.5000,5.5100,5.5000,5.5050,14576
2021-03-11 10:30:00,5.4950,5.5000,5.4900,5.5000,4292
2021-03-11 10:25:00,5.4900,5.5000,5.4900,5.4950,8803
2021-03-11 10:20:00,5.4920,5.5000,5.4850,5.4850,40091
2021-03-11 10:15:00,5.4900,5.5000,5.4810,5.4950,20367
2021-03-11 10:10:00,5.4850,5.4900,5.4820,5.4900,3943
2021-03-11 10:05:00,5.5000,5.5000,5.4800,5.4900,65772
2021-03-11 10:00:00,5.4900,5.5000,5.4841,5.5000,18364
2021-03-11 09:55:00,5.4800,5.4850,5.4800,5.4800,10567
2021-03-11 09:50:00,5.4750,5.4900,5.4750,5.4800,24106
2021-03-11 09:45:00,5.4750,5.4800,5.4700,5.4800,19970
2021-03-11 09:40:00,5.4850,5.4860,5.4700,5.4750,11642
2021-03-11 09:35:00,5.4900,5.4900,5.4800,5.4800,46066
2021-03-11 09:30:00,5.5400,5.5400,5.5400,5.5400,119
2021-03-10 16:05:00,5.5411,5.5411,5.5411,5.5411,325632
2021-03-10 16:00:00,5.5400,5.5500,5.5400,5.5500,168879
2021-03-10 15:55:00,5.5450,5.5470,5.5400,5.5450,40983
2021-03-10 15:50:00,5.5400,5.5500,5.5317,5.5450,58835
2021-03-10 15:45:00,5.5400,5.5450,5.5300,5.5400,103001
2021-03-10 15:40:00,5.5300,5.5400,5.5200,5.5400,85488
2021-03-10 15:35:00,5.5200,5.5250,5.5200,5.5250,25845
2021-03-10 15:30:00,5.5155,5.5250,5.5124,5.5200,66266
2021-03-10 15:25:00,5.5120,5.5200,5.5100,5.5200,99615
2021-03-10 15:20:00,5.5250,5.5250,5.5100,5.5150,32626
2021-03-10 15:15:00,5.5150,5.5250,5.5100,5.5200,28514
2021-03-10 15:10:00,5.5050,5.5150,5.5050,5.5150,11014
2021-03-10 15:05:00,5.5000,5.5100,5.4900,5.5050,69607
2021-03-10 15:00:00,5.5050,5.5050,5.5000,5.5000,16118
2021-03-10 14:55:00,5.5050,5.5100,5.5000,5.5050,54238
2021-03-10 14:50:00,5.5100,5.5100,5.5000,5.5050,58066
2021-03-10 14:45:00,5.5020,5.5100,5.5020,5.5100,17081
2021-03-10 14:40:00,5.4900,5.5100,5.4900,5.5050,60481
2021-03-10 14:35:00,5.4950,5.4957,5.4900,5.4950,18577
2021-03-10 14:30:00,5.4950,5.4950,5.4900,5.4900,42655
2021-03-10 14:25:00,5.4950,5.5000,5.4905,5.4950,54214
2021-03-10 14:20:00,5.4910,5.5000,5.4910,5.5000,3265
2021-03-10 14:15:00,5.5000,5.5000,5.4900,5.4950,1888
2021-03-10 14:10:00,5.4950,5.5000,5.4925,5.5000,7605
2021-03-10 14:05:00,5.4900,5.4950,5.4900,5.4950,7045
2021-03-10 14:00:00,5.4999,5.4999,5.4900,5.4900,35930
2021-03-10 13:55:00,5.4961,5.4961,5.4950,5.4950,888
2021-03-10 13:50:00,5.4900,5.4950,5.4850,5.4950,34668
2021-03-10 13:45:00,5.4974,5.4974,5.4850,5.4900,99967
2021-03-10 13:40:00,5.4950,5.5000,5.4900,5.4950,11737
2021-03-10 13:35:00,5.4950,5.4950,5.4900,5.4900,16157
2021-03-10 13:30:00,5.5000,5.5000,5.4900,5.4950,6464
2021-03-10 13:25:00,5.5000,5.5000,5.4950,5.5000,2201
2021-03-10 13:20:00,5.5000,5.5050,5.4900,5.5000,10678
2021-03-10 13:15:00,5.5050,5.5100,5.5000,5.5000,21091
2021-03-10 13:10:00,5.4967,5.5100,5.4950,5.5100,9302
2021-03-10 13:05:00,5.5000,5.5000,5.4900,5.4950,4741
2021-03-10 13:00:00,5.4900,5.5000,5.4850,5.4950,36357
2021-03-10 12:55:00,5.4880,5.4900,5.4850,5.4850,4028
2021-03-10 12:50:00,5.4850,5.4850,5.4850,5.4850,387
2021-03-10 12:45:00,5.4900,5.4900,5.4850,5.4850,1914
2021-03-10 12:40:00,5.4900,5.4900,5.4800,5.4900,6255
2021-03-10 12:35:00,5.4800,5.4900,5.4800,5.4900,788
2021-03-10 12:30:00,5.4734,5.4900,5.4734,5.4900,34033
2021-03-10 12:25:00,5.4750,5.4800,5.4700,5.4800,4034
2021-03-10 12:20:00,5.4756,5.4800,5.4700,5.4750,10432
2021-03-10 12:15:00,5.4750,5.4790,5.4700,5.4700,3812
2021-03-10 12:10:00,5.4700,5.4750,5.4700,5.4750,1641
2021-03-10 12:05:00,5.4700,5.4800,5.4700,5.4750,1777
2021-03-10 12:00:00,5.4650,5.4800,5.4650,5.4750,10529
2021-03-10 11:55:00,5.4680,5.4700,5.4600,5.4650,5041
2021-03-10 11:50:00,5.4700,5.4700,5.4600,5.4700,12863
2021-03-10 11:45:00,5.4750,5.4750,5.4650,5.4650,20972
2021-03-10 11:40:00,5.4700,5.4750,5.4700,5.4700,456
2021-03-10 11:35:00,5.4750,5.4750,5.4740,5.4740,600
2021-03-10 11:30:00,5.4750,5.4777,5.4700,5.4700,1491
2021-03-10 11:25:00,5.4750,5.4751,5.4700,5.4700,3996
2021-03-10 11:20:00,5.4750,5.4750,5.4700,5.4700,1654
2021-03-10 11:15:00,5.4700,5.4750,5.4700,5.4750,11367
2021-03-10 11:10:00,5.4750,5.4780,5.4700,5.4780,1397
2021-03-10 11:05:00,5.4800,5.4800,5.4700,5.4800,9945
2021-03-10 11:00:00,5.4700,5.4800,5.4700,5.4750,1253
2021-03-10 10:55:00,5.4750,5.4752,5.4700,5.4752,809
2021-03-10 10:50:00,5.4700,5.4700,5.4650,5.4700,8463
2021-03-10 10:45:00,5.4650,5.4750,5.4650,5.4700,26681
2021-03-10 10:40:00,5.4750,5.4800,5.4600,5.4600,12030
2021-03-10 10:35:00,5.4650,5.4800,5.4650,5.4800,5524
2021-03-10 10:30:00,5.4900,5.4900,5.4601,5.4601,5460
2021-03-10 10:25:00,5.5000,5.5000,5.4850,5.4950,10422
2021-03-10 10:20:00,5.5000,5.5000,5.4900,5.5000,3554
2021-03-10 10:15:00,5.4950,5.5100,5.4950,5.4950,5494
2021-03-10 10:10:00,5.5200,5.5200,5.4950,5.5000,22109
2021-03-10 10:05:00,5.5150,5.5200,5.5100,5.5100,2124
2021-03-10 10:00:00,5.5000,5.5200,5.5000,5.5150,10956
2021-03-10 09:55:00,5.4950,5.4950,5.4950,5.4950,123
2021-03-10 09:50:00,5.5000,5.5000,5.5000,5.5000,305
2021-03-10 09:45:00,5.4900,5.5000,5.4900,5.5000,3773
2021-03-10 09:40:00,5.4850,5.4950,5.4850,5.4900,10755
2021-03-10 09:35:00,5.4900,5.4950,5.4800,5.4850,75642
2021-03-10 09:15:00,5.4900,5.4900,5.4900,5.4900,5000
2021-03-10 09:00:00,5.4800,5.4800,5.4800,5.4800,100
2021-03-09 16:00:00,5.4600,5.4600,5.4500,5.4600,72170
2021-03-09 15:55:00,5.4550,5.4600,5.4500,5.4550,76401
2021-03-09 15:50:00,5.4550,5.4600,5.4500,5.4550,74645
2021-03-09 15:45:00,5.4550,5.4600,5.4500,5.4550,9515
2021-03-09 15:40:00,5.4550,5.4550,5.4500,5.4500,38199
2021-03-09 15:35:00,5.4600,5.4600,5.4500,5.4500,63500
2021-03-09 15:30:00,5.4600,5.4600,5.4500,5.4550,25281
2021-03-09 15:25:00,5.4550,5.4600,5.4500,5.4600,5656
2021-03-09 15:20:00,5.4600,5.4600,5.4500,5.4600,7954
2021-03-09 15:15:00,5.4550,5.4600,5.4500,5.4550,9775
2021-03-09 15:10:00,5.4450,5.4600,5.4400,5.4600,33998
2021-03-09 15:05:00,5.4500,5.4500,5.4400,5.4500,5946
2021-03-09 15:00:00,5.4450,5.4500,5.4450,5.4450,17650
2021-03-09 14:55:00,5.4500,5.4500,5.4400,5.4450,10625
2021-03-09 14:50:00,5.4450,5.4500,5.4400,5.4500,6788
2021-03-09 14:45:00,5.4500,5.4500,5.4400,5.4500,15435
2021-03-09 14:40:00,5.4500,5.4500,5.4450,5.4450,3946
2021-03-09 14:35:00,5.4450,5.4500,5.4400,5.4450,11129
2021-03-09 14:30:00,5.4400,5.4500,5.4400,5.4500,16255
2021-03-09 14:25:00,5.4450,5.4500,5.4400,5.4500,6874
2021-03-09 14:20:00,5.4450,5.4500,5.4400,5.4500,10805
2021-03-09 14:15:00,5.4450,5.4500,5.4400,5.4500,7412
2021-03-09 14:10:00,5.4400,5.4450,5.4400,5.4400,4162
2021-03-09 14:05:00,5.4450,5.4450,5.4437,5.4450,6284
2021-03-09 14:00:00,5.4450,5.4462,5.4400,5.4450,3833
2021-03-09 13:55:00,5.4450,5.4474,5.4400,5.4450,1820
2021-03-09 13:50:00,5.4450,5.4480,5.4420,5.4450,8929
2021-03-09 13:45:00,5.4350,5.4450,5.4350,5.4450,18855
2021-03-09 13:40:00,5.4300,5.4400,5.4300,5.4400,8637
2021-03-09 13:35:00,5.4350,5.4400,5.4301,5.4400,5560
2021-03-09 13:30:00,5.4350,5.4400,5.4300,5.4350,7721
2021-03-09 13:25:00,5.4400,5.4400,5.4300,5.4300,13406
2021-03-09 13:20:00,5.4500,5.4500,5.4350,5.4350,52615
2021-03-09 13:15:00,5.4450,5.4500,5.4450,5.4450,9620
2021-03-09 13:10:00,5.4480,5.4500,5.4450,5.4500,1337
2021-03-09 13:05:00,5.4400,5.4500,5.4400,5.4450,15518
2021-03-09 13:00:00,5.4450,5.4450,5.4400,5.4450,24465
2021-03-09 12:55:00,5.4500,5.4550,5.4400,5.4450,41656
2021-03-09 12:50:00,5.4600,5.4600,5.4500,5.4550,9501
2021-03-09 12:45:00,5.4600,5.4600,5.4550,5.4550,1888
2021-03-09 12:40:00,5.4600,5.4600,5.4535,5.4535,12511
2021-03-09 12:35:00,5.4550,5.4599,5.4520,5.4550,5036
2021-03-09 12:30:00,5.4550,5.4599,5.4500,5.4500,3493
2021-03-09 12:25:00,5.4520,5.4550,5.4500,5.4550,3561
2021-03-09 12:20:00,5.4550,5.4550,5.4500,5.4550,3847
2021-03-09 12:15:00,5.4550,5.4550,5.4500,5.4550,2669
2021-03-09 12:10:00,5.4500,5.4550,5.4500,5.4500,6413
2021-03-09 12:05:00,5.4600,5.4600,5.4500,5.4550,12803
2021-03-09 12:00:00,5.4600,5.4600,5.4500,5.4580,4074
2021-03-09 11:55:00,5.4550,5.4599,5.4500,5.4599,3475
2021-03-09 11:50:00,5.4550,5.4550,5.4500,5.4500,793
2021-03-09 11:45:00,5.4550,5.4550,5.4500,5.4500,2881
2021-03-09 11:40:00,5.4450,5.4550,5.4421,5.4550,16584
2021-03-09 11:35:00,5.4700,5.4700,5.4450,5.4450,35695
2021-03-09 11:30:00,5.4700,5.4700,5.4700,5.4700,2712
2021-03-09 11:25:00,5.4700,5.4700,5.4600,5.4650,9918
2021-03-09 11:20:00,5.4700,5.4700,5.4600,5.4625,3372
2021-03-09 11:15:00,5.4620,5.4700,5.4600,5.4700,12336
2021-03-09 11:10:00,5.4600,5.4650,5.4600,5.4650,14366
2021-03-09 11:05:00,5.4450,5.4600,5.4400,5.4600,35157
2021-03-09 11:00:00,5.4350,5.4450,5.4350,5.4450,29909
2021-03-09 10:55:00,5.4350,5.4400,5.4300,5.4350,11430
2021-03-09 10:50:00,5.4355,5.4400,5.4300,5.4300,2952
2021-03-09 10:45:00,5.4320,5.4350,5.4300,5.4350,1070
2021-03-09 10:40:00,5.4350,5.4350,5.4350,5.4350,350
2021-03-09 10:35:00,5.4250,5.4300,5.4250,5.4300,5488
2021-03-09 10:30:00,5.4300,5.4370,5.4250,5.4250,18169
2021-03-09 10:25:00,5.4300,5.4300,5.4250,5.4300,12333
2021-03-09 10:20:00,5.4200,5.4350,5.4150,5.4300,21741
2021-03-09 10:15:00,5.4350,5.4350,5.4250,5.4250,11753
2021-03-09 10:10:00,5.4350,5.4500,5.4320,5.4380,14660
2021-03-09 10:05:00,5.4400,5.4450,5.4301,5.4350,5311
2021-03-09 10:00:00,5.4550,5.4550,5.4450,5.4500,13970
2021-03-09 09:55:00,5.4600,5.4600,5.4522,5.4522,874
2021-03-09 09:50:00,5.4500,5.4700,5.4443,5.4600,35102
2021-03-09 09:45:00,5.4500,5.4500,5.4350,5.4401,19169
2021-03-09 09:40:00,5.4500,5.4500,5.4450,5.4450,13749
2021-03-09 09:35:00,5.4700,5.4900,5.4300,5.4500,138594
2021-03-09 09:30:00,5.4900,5.4900,5.4700,5.4700,2803
2021-03-09 08:05:00,5.4500,5.4500,5.4500,5.4500,499
2021-03-08 16:05:00,5.4400,5.4400,5.4400,5.4400,294
2021-03-08 16:00:00,5.4650,5.4700,5.4500,5.4600,111778
2021-03-08 15:55:00,5.4550,5.4700,5.4500,5.4650,63335
2021-03-08 15:50:00,5.4700,5.4700,5.4500,5.4500,35056
2021-03-08 15:45:00,5.4700,5.4800,5.4600,5.4650,129880
2021-03-08 15:40:00,5.4600,5.4700,5.4526,5.4650,70335
2021-03-08 15:35:00,5.4500,5.4700,5.4450,5.4600,153314
2021-03-08 15:30:00,5.4550,5.4600,5.4500,5.4500,88377
2021-03-08 15:25:00,5.4500,5.4600,5.4500,5.4500,43520
2021-03-08 15:20:00,5.4500,5.4600,5.4450,5.4500,174771
2021-03-08 15:15:00,5.4550,5.4600,5.4400,5.4600,54290
2021-03-08 15:10:00,5.4550,5.4600,5.4500,5.4550,24522
2021-03-08 15:05:00,5.4650,5.4650,5.4550,5.4550,51182
2021-03-08 15:00:00,5.4650,5.4700,5.4600,5.4650,4304
2021-03-08 14:55:00,5.4650,5.4681,5.4600,5.4600,12915
2021-03-08 14:50:00,5.4650,5.4700,5.4600,5.4650,58919
2021-03-08 14:45:00,5.4751,5.4800,5.4600,5.4650,45308
2021-03-08 14:40:00,5.4800,5.4800,5.4750,5.4750,7550
2021-03-08 14:35:00,5.4786,5.4800,5.4700,5.4800,9309
2021-03-08 14:30:00,5.4700,5.4800,5.4650,5.4730,22956
2021-03-08 14:25:00,5.4600,5.4700,5.4600,5.4650,5046
2021-03-08 14:20:00,5.4700,5.4700,5.4600,5.4650,9356
2021-03-08 14:15:00,5.4600,5.4700,5.4600,5.4650,7891
2021-03-08 14:10:00,5.4650,5.4700,5.4650,5.4650,1972
2021-03-08 14:05:00,5.4650,5.4700,5.4600,5.4650,21463
2021-03-08 14:00:00,5.4650,5.4650,5.4600,5.4650,605
2021-03-08 13:55:00,5.4650,5.4700,5.4600,5.4600,5487
2021-03-08 13:50:00,5.4850,5.4850,5.4600,5.4650,40938
2021-03-08 13:45:00,5.4800,5.4850,5.4800,5.4850,1426
2021-03-08 13:40:00,5.4809,5.4859,5.4800,5.4850,5732
2021-03-08 13:35:00,5.4950,5.4950,5.4800,5.4800,80749
2021-03-08 13:30:00,5.5000,5.5000,5.4900,5.4950,27326
2021-03-08 13:25:00,5.5000,5.5000,5.4950,5.5000,3195
2021-03-08 13:20:00,5.4950,5.5000,5.4950,5.5000,15142
2021-03-08 13:15:00,5.4950,5.5000,5.4900,5.5000,20195
2021-03-08 13:10:00,5.4850,5.5000,5.4850,5.4950,25773
2021-03-08 13:05:00,5.4750,5.4880,5.4700,5.4800,34136
2021-03-08 13:00:00,5.4750,5.4800,5.4700,5.4750,11789
2021-03-08 12:55:00,5.4750,5.4750,5.4700,5.4750,4964
2021-03-08 12:50:00,5.4750,5.4750,5.4700,5.4750,3067
2021-03-08 12:45:00,5.4800,5.4800,5.4700,5.4750,10979
2021-03-08 12:40:00,5.4750,5.4800,5.4700,5.4700,2697
2021-03-08 12:35:00,5.4750,5.4800,5.4700,5.4800,3290
2021-03-08 12:30:00,5.4750,5.4750,5.4750,5.4750,200
2021-03-08 12:25:00,5.4650,5.4756,5.4650,5.4756,7289
2021-03-08 12:20:00,5.4550,5.4700,5.4500,5.4650,25505
2021-03-08 12:15:00,5.4550,5.4550,5.4500,5.4500,3007
2021-03-08 12:10:00,5.4500,5.4600,5.4500,5.4600,1204
2021-03-08 12:05:00,5.4550,5.4700,5.4500,5.4550,74479
2021-03-08 12:00:00,5.4550,5.4600,5.4500,5.4550,2792
2021-03-08 11:55:00,5.4600,5.4650,5.4500,5.4500,23322
2021-03-08 11:50:00,5.4650,5.4650,5.4600,5.4650,3132
2021-03-08 11:45:00,5.4600,5.4690,5.4600,5.4600,1786
2021-03-08 11:40:00,5.4600,5.4700,5.4600,5.4600,28125
2021-03-08 11:35:00,5.4750,5.4800,5.4600,5.4650,17438
2021-03-08 11:30:00,5.4601,5.4800,5.4601,5.4780,24134
2021-03-08 11:25:00,5.4600,5.4700,5.4600,5.4650,20759
2021-03-08 11:20:00,5.4550,5.4600,5.4500,5.4550,15604
2021-03-08 11:15:00,5.4500,5.4600,5.4500,5.4550,5150
2021-03-08 11:10:00,5.4550,5.4600,5.4500,5.4550,2539
2021-03-08 11:05:00,5.4500,5.4600,5.4500,5.4520,4094
2021-03-08 11:00:00,5.4500,5.4600,5.4500,5.4500,23224
2021-03-08 10:55:00,5.4450,5.4500,5.4450,5.4500,2375
2021-03-08 10:50:00,5.4450,5.4500,5.4400,5.4400,4551
2021-03-08 10:45:00,5.4500,5.4500,5.4400,5.4450,12263
2021-03-08 10:40:00,5.4450,5.4500,5.4350,5.4400,28321
2021-03-08 10:35:00,5.4350,5.4450,5.4350,5.4450,7213
2021-03-08 10:30:00,5.4300,5.4395,5.4250,5.4301,19597
2021-03-08 10:25:00,5.4301,5.4350,5.4250,5.4250,18209
2021-03-08 10:20:00,5.4350,5.4350,5.4300,5.4320,5506
2021-03-08 10:15:00,5.4350,5.4361,5.4250,5.4361,16315
2021-03-08 10:10:00,5.4250,5.4400,5.4250,5.4350,17323
2021-03-08 10:05:00,5.4300,5.4400,5.4266,5.4266,29512
2021-03-08 10:00:00,5.4350,5.4490,5.4250,5.4250,33407
2021-03-08 09:55:00,5.4300,5.4350,5.4300,5.4350,705
2021-03-08 09:50:00,5.4400,5.4400,5.4200,5.4200,51551
2021-03-08 09:45:00,5.4350,5.4500,5.4244,5.4400,34188
2021-03-08 09:40:00,5.4150,5.4300,5.4150,5.4300,14475
2021-03-08 09:35:00,5.4000,5.4200,5.4000,5.4200,122231
2021-03-08 09:30:00,5.4200,5.4200,5.4200,5.4200,5828
2021-03-08 09:05:00,5.4100,5.4100,5.4100,5.4100,501
2021-03-08 08:55:00,5.4100,5.4100,5.4100,5.4100,1197
2021-03-08 08:35:00,5.4000,5.4000,5.4000,5.4000,101
2021-03-08 08:25:00,5.4100,5.4100,5.4100,5.4100,4000
2021-03-08 08:15:00,5.3600,5.3600,5.3600,5.3600,500
2021-03-05 16:05:00,5.3200,5.3200,5.3200,5.3200,1521
2021-03-05 16:00:00,5.3250,5.3250,5.3100,5.3200,59677
2021-03-05 15:55:00,5.3200,5.3300,5.3200,5.3200,40409
2021-03-05 15:50:00,5.3250,5.3300,5.3200,5.3200,18349
2021-03-05 15:45:00,5.3300,5.3300,5.3200,5.3300,6829
2021-03-05 15:40:00,5.3100,5.3300,5.3100,5.3300,24042
2021-03-05 15:35:00,5.3200,5.3200,5.3100,5.3100,7588
2021-03-05 15:30:00,5.3300,5.3300,5.3100,5.3200,17342
2021-03-05 15:25:00,5.3200,5.3300,5.3150,5.3250,4808
2021-03-05 15:20:00,5.3200,5.3280,5.3100,5.3150,43195
2021-03-05 15:15:00,5.3100,5.3200,5.3100,5.3150,6080
2021-03-05 15:10:00,5.3200,5.3200,5.3000,5.3150,27936
2021-03-05 15:05:00,5.3100,5.3200,5.3100,5.3200,4459
2021-03-05 15:00:00,5.3050,5.3150,5.3000,5.3150,11128
2021-03-05 14:55:00,5.2956,5.3100,5.2900,5.3100,9738
2021-03-05 14:50:00,5.2950,5.3000,5.2900,5.2950,2321
2021-03-05 14:45:00,5.3000,5.3050,5.2950,5.3000,18596
2021-03-05 14:40:00,5.3100,5.3100,5.2950,5.2950,4430
2021-03-05 14:35:00,5.3000,5.3100,5.3000,5.3050,8021
2021-03-05 14:30:00,5.3000,5.3100,5.2900,5.3100,11406
2021-03-05 14:25:00,5.2900,5.3000,5.2800,5.2900,26676
2021-03-05 14:20:00,5.2900,5.2900,5.2800,5.2900,14935
2021-03-05 14:15:00,5.2750,5.2900,5.2700,5.2800,54097
2021-03-05 14:10:00,5.2850,5.2850,5.2750,5.2750,280868
2021-03-05 14:05:00,5.2900,5.2950,5.2800,5.2850,29636
2021-03-05 14:00:00,5.2850,5.2900,5.2850,5.2900,2555
2021-03-05 13:55:00,5.2950,5.3000,5.2800,5.2850,41177
2021-03-05 13:50:00,5.3000,5.3000,5.2900,5.2900,19119
2021-03-05 13:45:00,5.3000,5.3079,5.3000,5.3000,5937
2021-03-05 13:40:00,5.2900,5.3000,5.2900,5.3000,10000
2021-03-05 13:35:00,5.2900,5.2950,5.2810,5.2900,20372
2021-03-05 13:30:00,5.2950,5.2980,5.2800,5.2850,40810
2021-03-05 13:25:00,5.2900,5.2996,5.2800,5.2900,17189
2021-03-05 13:20:00,5.2850,5.2950,5.2801,5.2950,7746
2021-03-05 13:15:00,5.2850,5.2850,5.2700,5.2850,21274
2021-03-05 13:10:00,5.2750,5.2800,5.2734,5.2800,10188
2021-03-05 13:05:00,5.2750,5.2850,5.2700,5.2750,5952
2021-03-05 13:00:00,5.2750,5.2850,5.2700,5.2700,20624
2021-03-05 12:55:00,5.2850,5.2894,5.2700,5.2750,46180
2021-03-05 12:50:00,5.2850,5.2900,5.2850,5.2850,885
2021-03-05 12:45:00,5.2874,5.2874,5.2750,5.2800,29215
2021-03-05 12:40:00,5.2800,5.2850,5.2750,5.2800,17152
2021-03-05 12:35:00,5.2750,5.2850,5.2750,5.2800,9196
2021-03-05 12:30:00,5.2750,5.2800,5.2750,5.2750,3530
2021-03-05 12:25:00,5.2650,5.2750,5.2650,5.2750,5918
2021-03-05 12:20:00,5.2580,5.2700,5.2580,5.2699,157491
2021-03-05 12:15:00,5.2650,5.2650,5.2550,5.2550,4064
2021-03-05 12:10:00,5.2700,5.2700,5.2600,5.2650,10624
2021-03-05 12:05:00,5.2700,5.2800,5.2650,5.2750,31389
2021-03-05 12:00:00,5.2600,5.2750,5.2600,5.2750,24742
2021-03-05 11:55:00,5.2500,5.2600,5.2500,5.2550,3392
2021-03-05 11:50:00,5.2600,5.2650,5.2500,5.2500,5163
2021-03-05 11:45:00,5.2550,5.2600,5.2400,5.2600,26377
2021-03-05 11:40:00,5.2400,5.2650,5.2400,5.2600,35191
2021-03-05 11:35:00,5.2500,5.2600,5.2400,5.2400,34010
2021-03-05 11:30:00,5.2500,5.2501,5.2400,5.2400,7818
2021-03-05 11:25:00,5.2650,5.2700,5.2500,5.2550,21734
2021-03-05 11:20:00,5.2750,5.2750,5.2500,5.2601,36098
2021-03-05 11:15:00,5.2700,5.2800,5.2700,5.2750,33628
2021-03-05 11:10:00,5.2900,5.2900,5.2700,5.2700,29993
2021-03-05 11:05:00,5.2900,5.2978,5.2900,5.2950,4550
2021-03-05 11:00:00,5.3000,5.3099,5.2900,5.2900,3572
2021-03-05 10:55:00,5.3080,5.3150,5.3000,5.3000,18084
2021-03-05 10:50:00,5.2900,5.3050,5.2800,5.3050,19898
2021-03-05 10:45:00,5.2900,5.2980,5.2900,5.2900,1533
2021-03-05 10:40:00,5.3050,5.3100,5.2900,5.2950,17499
2021-03-05 10:35:00,5.3000,5.3130,5.3000,5.3000,23171
2021-03-05 10:30:00,5.2950,5.3070,5.2900,5.2950,17450
2021-03-05 10:25:00,5.3000,5.3000,5.2900,5.2950,7850
2021-03-05 10:20:00,5.3000,5.3050,5.2950,5.3000,31526
2021-03-05 10:15:00,5.3200,5.3200,5.2900,5.2950,12741
2021-03-05 10:10:00,5.3064,5.3300,5.3050,5.3150,28849
2021-03-05 10:05:00,5.3000,5.3050,5.3000,5.3001,5853
2021-03-05 10:00:00,5.2900,5.3000,5.2850,5.3000,3241
2021-03-05 09:55:00,5.3100,5.3100,5.2900,5.2900,5061
2021-03-05 09:50:00,5.3068,5.3150,5.3000,5.3000,46842
2021-03-05 09:45:00,5.3089,5.3100,5.3000,5.3000,7183
2021-03-05 09:40:00,5.3150,5.3150,5.2950,5.3050,13642
2021-03-05 09:35:00,5.3400,5.3400,5.3100,5.3200,61944
2021-03-05 09:30:00,5.3400,5.3500,5.3100,5.3100,3944
2021-03-05 09:25:00,5.3000,5.3100,5.3000,5.3000,2665
2021-03-05 09:20:00,5.3000,5.3000,5.3000,5.3000,1484
2021-03-05 08:35:00,5.2600,5.2600,5.2500,5.2500,600
2021-03-05 08:30:00,5.2600,5.2600,5.2600,5.2600,250
