time,RSI
2021-12-28 19:50,52.7061
2021-12-28 19:20,54.3369
2021-12-28 18:40,44.8254
2021-12-28 16:40,35.1271
2021-12-28 16:05,40.6951
2021-12-28 16:00,43.5829
2021-12-28 15:55,45.0677
2021-12-28 15:50,50.5505
2021-12-28 15:45,54.3907
2021-12-28 15:40,65.8486
2021-12-28 15:35,64.1425
2021-12-28 15:30,62.1938
2021-12-28 15:25,66.9218
2021-12-28 15:20,64.2815
2021-12-28 15:15,61.6983
2021-12-28 15:10,57.8819
2021-12-28 15:05,56.9977
2021-12-28 15:00,69.1250
2021-12-28 14:55,65.1031
2021-12-28 14:50,63.1952
2021-12-28 14:45,63.9163
2021-12-28 14:40,60.1127
2021-12-28 14:35,57.5749
2021-12-28 14:30,55.4151
2021-12-28 14:25,50.7766
2021-12-28 14:20,51.8918
2021-12-28 14:15,51.3962
2021-12-28 14:10,45.0929
2021-12-28 14:05,42.1923
2021-12-28 14:00,46.7820
2021-12-28 13:55,46.4575
2021-12-28 13:50,52.7269
2021-12-28 13:45,54.9113
2021-12-28 13:40,51.1530
2021-12-28 13:35,49.6929
2021-12-28 13:30,51.6027
2021-12-28 13:25,45.2751
2021-12-28 13:20,50.9875
2021-12-28 13:15,50.0081
2021-12-28 13:10,46.5358
2021-12-28 13:05,43.4073
2021-12-28 13:00,44.2080
2021-12-28 12:55,44.5899
2021-12-28 12:50,46.0298
2021-12-28 12:45,41.0929
2021-12-28 12:40,43.1085
2021-12-28 12:35,43.1085
2021-12-28 12:30,47.4573
2021-12-28 12:25,47.8538
2021-12-28 12:20,39.6538
2021-12-28 12:15,42.4120
2021-12-28 12:10,43.6763
2021-12-28 12:05,38.3719
2021-12-28 12:00,36.8251
2021-12-28 11:55,37.8328
2021-12-28 11:50,36.2119
2021-12-28 11:45,33.3896
2021-12-28 11:40,34.5034
2021-12-28 11:35,32.6056
2021-12-28 11:30,33.7874
2021-12-28 11:25,34.3205
2021-12-28 11:20,40.5018
2021-12-28 11:15,38.4429
2021-12-28 11:10,38.8443
2021-12-28 11:05,40.0001
2021-12-28 11:00,39.7221
2021-12-28 10:55,40.5955
2021-12-28 10:50,47.4783
2021-12-28 10:45,53.0021
2021-12-28 10:40,53.0021
2021-12-28 10:35,60.4905
2021-12-28 10:30,61.0429
2021-12-28 10:25,52.3587
2021-12-28 10:20,47.2833
2021-12-28 10:15,47.9955
2021-12-28 10:10,52.9308
2021-12-28 10:05,55.5845
2021-12-28 10:00,54.7417
2021-12-28 09:55,58.8924
2021-12-28 09:50,55.9873
2021-12-28 09:45,54.1833
2021-12-28 09:40,30.7578
2021-12-28 09:35,23.9916
2021-12-28 09:30,49.3837
2021-12-28 09:25,53.7258
2021-12-28 09:20,47.6130
2021-12-28 09:15,42.6869
2021-12-28 09:10,43.7791
2021-12-28 09:00,53.2713
2021-12-28 08:50,53.2713
2021-12-28 08:45,54.6331
2021-12-28 08:30,55.9615
2021-12-28 08:25,52.1828
2021-12-28 08:15,57.4105
2021-12-28 08:10,56.3965
2021-12-28 08:05,57.6716
2021-12-28 07:55,56.2952
2021-12-28 07:45,57.4517
2021-12-28 07:40,52.4646
2021-12-28 07:05,59.5330
2021-12-28 07:00,61.4551
2021-12-28 06:50,62.7084
2021-12-28 06:45,64.5418
2021-12-28 06:40,66.3428
2021-12-28 06:35,65.1384
2021-12-28 06:30,64.8463
2021-12-28 06:20,55.9342
2021-12-28 06:15,55.9342
2021-12-28 06:05,47.0266
2021-12-28 05:45,45.4919
2021-12-28 05:20,43.9850
2021-12-28 05:05,41.4813
2021-12-28 05:00,41.8285
2021-12-28 04:50,40.9100
2021-12-28 04:35,41.8300
2021-12-28 04:30,42.4205
2021-12-28 04:20,43.2714
2021-12-28 04:15,42.1947
2021-12-28 04:10,44.2755
2021-12-28 04:05,36.6621
2021-12-27 20:00,41.9891
2021-12-27 19:45,45.1824
2021-12-27 19:20,51.0855
2021-12-27 19:10,48.6635
2021-12-27 19:05,43.4646
2021-12-27 18:55,40.2541
2021-12-27 18:50,43.4009
2021-12-27 18:40,47.1333
2021-12-27 18:15,40.8336
2021-12-27 17:55,42.9109
2021-12-27 16:15,47.7438
2021-12-27 16:05,28.4065
2021-12-27 16:00,30.7937
2021-12-27 15:55,37.8997
2021-12-27 15:50,30.0482
2021-12-27 15:45,30.7036
2021-12-27 15:40,27.0077
2021-12-27 15:35,28.9982
2021-12-27 15:30,30.8472
2021-12-27 15:25,38.3239
2021-12-27 15:20,42.6427
2021-12-27 15:15,38.6480
2021-12-27 15:10,36.8991
2021-12-27 15:05,38.2841
2021-12-27 15:00,42.6936
2021-12-27 14:55,51.1331
2021-12-27 14:50,59.0867
2021-12-27 14:45,57.9833
2021-12-27 14:40,62.6934
2021-12-27 14:35,60.4563
2021-12-27 14:30,53.2210
2021-12-27 14:25,51.2325
2021-12-27 14:20,48.5232
2021-12-27 14:15,53.3384
2021-12-27 14:10,54.0499
2021-12-27 14:05,53.4736
2021-12-27 14:00,51.2003
2021-12-27 13:55,50.3557
2021-12-27 13:50,43.3788
2021-12-27 13:45,42.7289
2021-12-27 13:40,42.1120
2021-12-27 13:35,42.9717
2021-12-27 13:30,44.6651
2021-12-27 13:25,49.1627
2021-12-27 13:20,46.6694
2021-12-27 13:15,47.0984
2021-12-27 13:10,41.6169
2021-12-27 13:05,41.1017
2021-12-27 13:00,43.2268
2021-12-27 12:55,47.3989
2021-12-27 12:50,42.2258
2021-12-27 12:45,40.1056
2021-12-27 12:40,38.7584
2021-12-27 12:35,37.8138
2021-12-27 12:30,39.2181
2021-12-27 12:25,38.3680
2021-12-27 12:20,37.9651
2021-12-27 12:15,35.6208
2021-12-27 12:10,32.4607
2021-12-27 12:05,33.9097
2021-12-27 12:00,33.7265
2021-12-27 11:55,34.2554
2021-12-27 11:50,33.2840
2021-12-27 11:45,34.8791
2021-12-27 11:40,37.0209
2021-12-27 11:35,32.2676
2021-12-27 11:30,37.1492
2021-12-27 11:25,34.7031
2021-12-27 11:20,34.7031
2021-12-27 11:15,42.8888
2021-12-27 11:10,39.5419
2021-12-27 11:05,41.9224
2021-12-27 11:00,42.3167
2021-12-27 10:55,41.5511
2021-12-27 10:50,39.8204
2021-12-27 10:45,39.5831
2021-12-27 10:40,42.8804
2021-12-27 10:35,43.1986
2021-12-27 10:30,44.5811
2021-12-27 10:25,44.0266
2021-12-27 10:20,46.4732
2021-12-27 10:15,56.1960
2021-12-27 10:10,50.6430
2021-12-27 10:05,49.7489
2021-12-27 10:00,59.1156
2021-12-27 09:55,67.8191
2021-12-27 09:50,73.8155
2021-12-27 09:45,82.3953
2021-12-27 09:40,80.7140
2021-12-27 09:35,76.9117
2021-12-27 09:30,45.3675
2021-12-27 09:15,34.5697
2021-12-27 09:05,42.3403
2021-12-27 09:00,48.9715
2021-12-27 08:50,52.3608
2021-12-27 08:40,57.1289
2021-12-27 08:10,57.1289
2021-12-27 08:05,56.5604
2021-12-27 08:00,57.9884
2021-12-27 07:55,58.6762
2021-12-27 07:50,54.1293
2021-12-27 07:40,54.1293
2021-12-27 07:35,51.5771
2021-12-27 07:30,51.0715
2021-12-27 07:20,44.6297
2021-12-27 07:05,44.0598
2021-12-27 07:00,48.2064
2021-12-27 05:55,52.8226
2021-12-27 05:30,53.8874
2021-12-27 05:25,48.5952
2021-12-27 04:40,53.8082
2021-12-27 04:20,53.8082
2021-12-27 04:05,54.3106
2021-12-23 19:55,44.1415
2021-12-23 19:50,44.5802
2021-12-23 19:40,48.6187
2021-12-23 19:25,44.4663
2021-12-23 19:15,48.5664
2021-12-23 18:45,48.5664
2021-12-23 18:30,43.5826
2021-12-23 18:15,51.4529
2021-12-23 17:15,40.9727
2021-12-23 17:10,47.2928
2021-12-23 16:45,55.1993
2021-12-23 16:35,55.1993
2021-12-23 16:30,53.5244
2021-12-23 16:25,53.5244
2021-12-23 16:20,53.5244
2021-12-23 16:05,53.5244
2021-12-23 16:00,54.5349
2021-12-23 15:55,55.0171
2021-12-23 15:50,57.3727
2021-12-23 15:45,52.0331
2021-12-23 15:40,49.2949
2021-12-23 15:35,43.0219
2021-12-23 15:30,48.8404
2021-12-23 15:25,45.9303
2021-12-23 15:20,48.0451
2021-12-23 15:15,49.3100
2021-12-23 15:10,39.7330
2021-12-23 15:05,36.5956
2021-12-23 15:00,47.9819
2021-12-23 14:55,50.1275
2021-12-23 14:50,51.7388
2021-12-23 14:45,53.8831
2021-12-23 14:40,51.0578
2021-12-23 14:35,51.0578
2021-12-23 14:30,52.9215
2021-12-23 14:25,49.9529
2021-12-23 14:20,48.6648
2021-12-23 14:15,51.7574
2021-12-23 14:10,49.5753
2021-12-23 14:05,49.3820
2021-12-23 14:00,45.2932
2021-12-23 13:55,58.1766
2021-12-23 13:50,57.4516
2021-12-23 13:45,57.4516
2021-12-23 13:40,54.0147
2021-12-23 13:35,55.6854
2021-12-23 13:30,54.7098
2021-12-23 13:25,55.4657
2021-12-23 13:20,58.0735
2021-12-23 13:15,58.7810
2021-12-23 13:10,58.8051
2021-12-23 13:05,58.1210
2021-12-23 13:00,55.1220
2021-12-23 12:55,56.5688
2021-12-23 12:50,59.1643
2021-12-23 12:45,59.3046
2021-12-23 12:40,65.5106
2021-12-23 12:35,62.4563
2021-12-23 12:30,66.7238
2021-12-23 12:25,60.5970
2021-12-23 12:20,60.2624
2021-12-23 12:15,60.8301
2021-12-23 12:10,60.2211
2021-12-23 12:05,54.0633
2021-12-23 12:00,53.2360
2021-12-23 11:55,51.6177
2021-12-23 11:50,52.8924
2021-12-23 11:45,59.7422
2021-12-23 11:40,58.9188
2021-12-23 11:35,61.9792
2021-12-23 11:30,60.8162
2021-12-23 11:25,54.8901
2021-12-23 11:20,53.2027
2021-12-23 11:15,46.8919
2021-12-23 11:10,46.8919
2021-12-23 11:05,46.2574
2021-12-23 11:00,47.2583
2021-12-23 10:55,47.8690
2021-12-23 10:50,55.7374
2021-12-23 10:45,54.5492
2021-12-23 10:40,40.5846
2021-12-23 10:35,47.9674
2021-12-23 10:30,51.1270
2021-12-23 10:25,42.9908
2021-12-23 10:20,41.5714
2021-12-23 10:15,28.4976
2021-12-23 10:10,32.8068
2021-12-23 10:05,23.1994
2021-12-23 10:00,28.2517
2021-12-23 09:55,29.5179
2021-12-23 09:50,32.1978
2021-12-23 09:45,26.9167
2021-12-23 09:40,26.0250
2021-12-23 09:35,29.2569
2021-12-23 09:30,41.7144
2021-12-23 09:25,46.0399
2021-12-23 09:20,47.9642
2021-12-23 09:10,43.5852
2021-12-23 09:05,44.6315
2021-12-23 09:00,47.0802
2021-12-23 08:55,47.0802
2021-12-23 08:45,46.3551
2021-12-23 08:35,54.7078
2021-12-23 08:30,54.7078
2021-12-23 08:20,54.7078
2021-12-23 08:15,53.5919
2021-12-23 08:05,41.9770
2021-12-23 07:45,49.1580
2021-12-23 07:40,46.4515
2021-12-23 07:35,44.0823
2021-12-23 07:30,42.5076
2021-12-23 07:15,45.4808
2021-12-23 07:10,44.7633
2021-12-23 07:05,44.7633
2021-12-23 07:00,42.1367
2021-12-23 06:50,43.0880
2021-12-23 06:40,43.0880
2021-12-23 06:35,42.8097
2021-12-23 06:15,40.6538
2021-12-23 06:10,43.7141
2021-12-23 06:05,42.1990
2021-12-23 05:55,43.8428
2021-12-23 05:45,41.7353
2021-12-23 05:35,41.7353
2021-12-23 05:30,40.2310
2021-12-23 05:15,41.8060
2021-12-23 05:05,35.6378
2021-12-23 05:00,35.6378
2021-12-23 04:55,36.6781
2021-12-23 04:45,35.9059
2021-12-23 04:35,36.4214
2021-12-23 04:30,31.0933
2021-12-23 04:20,31.7754
2021-12-23 04:15,34.0283
2021-12-23 04:10,26.5933
2021-12-23 04:05,14.2553
2021-12-22 20:00,42.7900
2021-12-22 19:55,42.7900
2021-12-22 19:50,42.7900
2021-12-22 19:45,42.3972
2021-12-22 19:40,42.0275
2021-12-22 19:30,53.5052
2021-12-22 19:25,52.5014
2021-12-22 19:20,64.5856
2021-12-22 19:15,64.5856
2021-12-22 19:10,57.6878
2021-12-22 18:55,47.8447
2021-12-22 18:25,57.0946
2021-12-22 18:20,53.3745
2021-12-22 17:35,53.3745
2021-12-22 17:30,55.9907
2021-12-22 17:20,53.4481
2021-12-22 16:55,49.3742
2021-12-22 16:40,62.3152
2021-12-22 16:30,50.8803
2021-12-22 16:25,55.8909
2021-12-22 16:05,49.2628
2021-12-22 16:00,49.2628
2021-12-22 15:55,48.5968
2021-12-22 15:50,53.1301
2021-12-22 15:45,47.2560
2021-12-22 15:40,51.9590
2021-12-22 15:35,48.1976
2021-12-22 15:30,50.5357
2021-12-22 15:25,44.8583
2021-12-22 15:20,44.1138
2021-12-22 15:15,46.4429
2021-12-22 15:10,46.7293
2021-12-22 15:05,41.7242
2021-12-22 15:00,44.5762
2021-12-22 14:55,47.5972
2021-12-22 14:50,45.0838
2021-12-22 14:45,47.1853
2021-12-22 14:40,47.7015
2021-12-22 14:35,46.6169
2021-12-22 14:30,41.5523
2021-12-22 14:25,43.2456
2021-12-22 14:20,44.9463
2021-12-22 14:15,39.4152
2021-12-22 14:10,33.1817
2021-12-22 14:05,33.8281
2021-12-22 14:00,40.8474
2021-12-22 13:55,40.2414
2021-12-22 13:50,38.7855
2021-12-22 13:45,40.0541
2021-12-22 13:40,38.4519
2021-12-22 13:35,39.4305
2021-12-22 13:30,44.1228
2021-12-22 13:25,50.0462
2021-12-22 13:20,47.5787
2021-12-22 13:15,46.4541
2021-12-22 13:10,48.5832
2021-12-22 13:05,48.7719
2021-12-22 13:00,48.3997
2021-12-22 12:55,47.5361
2021-12-22 12:50,44.1343
2021-12-22 12:45,42.8751
2021-12-22 12:40,42.5314
2021-12-22 12:35,44.7829
2021-12-22 12:30,41.5929
2021-12-22 12:25,33.7770
2021-12-22 12:20,32.0500
2021-12-22 12:15,32.2199
2021-12-22 12:10,32.0561
2021-12-22 12:05,37.2866
2021-12-22 12:00,39.3747
2021-12-22 11:55,42.9944
2021-12-22 11:50,46.4965
2021-12-22 11:45,48.9656
2021-12-22 11:40,49.2082
2021-12-22 11:35,45.7109
2021-12-22 11:30,43.9180
2021-12-22 11:25,42.1438
2021-12-22 11:20,47.7553
2021-12-22 11:15,48.3964
2021-12-22 11:10,48.8020
2021-12-22 11:05,50.9841
2021-12-22 11:00,49.6538
2021-12-22 10:55,39.9030
2021-12-22 10:50,42.6371
2021-12-22 10:45,42.5939
2021-12-22 10:40,47.9160
2021-12-22 10:35,42.6238
2021-12-22 10:30,37.9922
2021-12-22 10:25,44.0786
2021-12-22 10:20,55.0818
2021-12-22 10:15,52.9954
2021-12-22 10:10,52.0768
2021-12-22 10:05,48.4518
2021-12-22 10:00,48.5618
2021-12-22 09:55,52.5511
2021-12-22 09:50,51.5240
2021-12-22 09:45,44.8753
2021-12-22 09:40,26.0358
2021-12-22 09:35,28.2794
2021-12-22 09:30,32.8334
2021-12-22 09:25,52.4356
2021-12-22 09:20,52.4356
2021-12-22 09:15,52.8542
2021-12-22 09:10,51.0396
2021-12-22 09:05,48.2817
2021-12-22 09:00,38.0582
2021-12-22 08:50,39.6022
2021-12-22 08:45,41.4773
2021-12-22 08:40,36.3467
2021-12-22 08:30,36.3467
2021-12-22 08:25,40.8367
2021-12-22 08:20,36.7559
2021-12-22 08:05,40.5031
2021-12-22 07:55,46.6127
2021-12-22 07:45,47.3497
2021-12-22 07:15,49.1536
2021-12-22 07:05,38.2267
2021-12-22 06:50,38.2267
2021-12-22 06:40,39.3947
2021-12-22 06:20,32.7133
2021-12-22 06:00,31.7146
2021-12-22 05:55,33.8115
2021-12-22 05:50,30.4925
2021-12-22 05:45,29.5553
2021-12-22 05:15,26.8061
2021-12-22 05:10,28.1671
2021-12-22 05:00,27.7413
2021-12-22 04:45,21.7077
2021-12-22 04:40,21.7077
2021-12-22 04:35,24.7642
2021-12-22 04:30,13.4481
2021-12-22 04:25,13.6871
2021-12-22 04:20,13.8393
2021-12-22 04:15,12.9402
2021-12-22 04:10,12.9402
2021-12-22 04:05,14.8818
2021-12-21 20:00,56.1681
2021-12-21 19:50,56.1681
2021-12-21 19:45,48.0547
2021-12-21 19:25,56.8477
2021-12-21 19:20,60.2646
2021-12-21 19:10,58.7290
2021-12-21 19:00,58.7395
2021-12-21 18:55,58.7326
2021-12-21 18:45,58.7326
2021-12-21 18:30,58.1309
2021-12-21 18:25,58.9288
2021-12-21 18:20,59.6895
2021-12-21 18:15,62.6957
2021-12-21 18:10,64.9747
2021-12-21 17:45,56.6910
2021-12-21 17:40,56.6910
2021-12-21 17:30,57.3793
2021-12-21 17:25,61.5423
2021-12-21 17:20,62.9561
2021-12-21 17:15,59.5004
2021-12-21 17:00,63.6346
2021-12-21 16:55,63.2393
2021-12-21 16:40,63.2393
2021-12-21 16:35,61.4318
2021-12-21 16:30,61.4318
2021-12-21 16:25,61.4318
2021-12-21 16:20,61.4318
2021-12-21 16:15,62.3434
2021-12-21 16:10,62.0822
2021-12-21 16:05,56.4747
2021-12-21 16:00,55.2455
2021-12-21 15:55,54.4998
2021-12-21 15:50,45.5775
2021-12-21 15:45,53.0492
2021-12-21 15:40,59.9528
2021-12-21 15:35,58.6637
2021-12-21 15:30,58.7076
2021-12-21 15:25,53.3278
2021-12-21 15:20,49.4604
2021-12-21 15:15,51.1471
2021-12-21 15:10,50.6259
2021-12-21 15:05,56.1921
2021-12-21 15:00,35.2626
2021-12-21 14:55,39.7135
2021-12-21 14:50,38.5124
2021-12-21 14:45,46.9880
2021-12-21 14:40,47.2355
2021-12-21 14:35,57.3306
2021-12-21 14:30,57.9697
2021-12-21 14:25,60.1683
2021-12-21 14:20,60.7563
2021-12-21 14:15,59.0317
2021-12-21 14:10,60.4010
2021-12-21 14:05,61.5140
2021-12-21 14:00,60.1839
2021-12-21 13:55,64.2043
2021-12-21 13:50,63.4967
2021-12-21 13:45,62.5339
2021-12-21 13:40,64.3347
2021-12-21 13:35,59.7619
2021-12-21 13:30,59.1902
2021-12-21 13:25,64.5086
2021-12-21 13:20,66.9670
2021-12-21 13:15,60.6350
2021-12-21 13:10,61.5109
2021-12-21 13:05,58.7440
2021-12-21 13:00,62.4988
2021-12-21 12:55,63.3341
2021-12-21 12:50,62.6386
2021-12-21 12:45,63.3829
2021-12-21 12:40,64.4496
2021-12-21 12:35,58.8780
2021-12-21 12:30,62.7432
2021-12-21 12:25,64.5295
2021-12-21 12:20,66.6438
2021-12-21 12:15,73.7490
2021-12-21 12:10,73.3321
2021-12-21 12:05,73.8768
2021-12-21 12:00,77.6244
2021-12-21 11:55,76.1249
2021-12-21 11:50,74.1734
2021-12-21 11:45,77.6398
2021-12-21 11:40,79.3617
2021-12-21 11:35,75.8271
2021-12-21 11:30,75.2165
2021-12-21 11:25,73.0311
2021-12-21 11:20,71.5604
2021-12-21 11:15,70.1760
2021-12-21 11:10,76.1190
2021-12-21 11:05,75.0340
2021-12-21 11:00,74.9837
2021-12-21 10:55,74.8899
2021-12-21 10:50,69.2682
2021-12-21 10:45,65.9665
2021-12-21 10:40,64.5218
2021-12-21 10:35,63.2170
2021-12-21 10:30,64.3152
2021-12-21 10:25,68.6201
2021-12-21 10:20,61.5120
2021-12-21 10:15,64.9261
2021-12-21 10:10,66.3734
2021-12-21 10:05,67.5168
2021-12-21 10:00,70.0053
2021-12-21 09:55,65.3849
2021-12-21 09:50,75.0142
2021-12-21 09:45,73.4587
2021-12-21 09:40,86.8509
2021-12-21 09:35,90.2851
2021-12-21 09:30,67.7882
2021-12-21 09:25,64.1852
2021-12-21 09:20,65.0295
2021-12-21 09:15,76.1976
2021-12-21 09:10,72.9640
2021-12-21 09:05,71.3582
2021-12-21 09:00,70.5459
2021-12-21 08:55,72.4539
2021-12-21 08:50,68.4982
2021-12-21 08:40,64.7365
2021-12-21 08:35,64.7365
2021-12-21 08:25,63.8048
2021-12-21 08:20,62.4219
2021-12-21 08:15,67.1893
2021-12-21 08:10,64.6848
2021-12-21 08:05,64.6848
2021-12-21 07:50,66.8859
2021-12-21 07:45,61.6325
2021-12-21 07:30,63.8015
2021-12-21 07:25,63.8015
2021-12-21 07:20,61.8733
2021-12-21 07:15,65.0929
2021-12-21 07:05,65.0929
2021-12-21 06:55,68.7971
2021-12-21 06:40,71.3091
2021-12-21 06:15,64.7324
2021-12-21 06:10,71.6662
2021-12-21 05:40,71.3816
2021-12-21 05:30,73.4368
2021-12-21 05:15,73.4368
2021-12-21 05:10,76.6065
2021-12-21 05:05,79.8050
2021-12-21 05:00,79.3240
2021-12-21 04:55,79.9131
2021-12-21 04:50,83.9663
2021-12-21 04:45,85.1116
2021-12-21 04:40,86.7599
2021-12-21 04:35,85.9156
2021-12-21 04:25,85.7468
2021-12-21 04:20,85.6671
2021-12-21 04:15,84.9640
2021-12-21 04:10,84.4931
2021-12-21 04:05,84.3413
2021-12-20 20:00,52.1728
2021-12-20 19:55,52.1728
2021-12-20 19:50,52.8048
2021-12-20 19:45,59.4973
2021-12-20 19:40,53.4742
2021-12-20 19:35,52.2760
2021-12-20 19:30,52.2760
2021-12-20 19:25,52.8630
2021-12-20 19:15,65.0746
2021-12-20 19:10,57.4727
2021-12-20 19:05,56.8918
2021-12-20 18:55,57.6226
2021-12-20 18:50,53.1521
2021-12-20 18:45,51.3656
2021-12-20 18:40,50.1897
2021-12-20 18:35,58.7655
2021-12-20 18:30,50.9893
2021-12-20 18:25,51.6856
2021-12-20 18:20,51.6856
2021-12-20 18:15,51.6856
2021-12-20 18:10,51.6856
2021-12-20 18:05,58.8551
2021-12-20 18:00,44.5776
2021-12-20 17:55,44.5776
2021-12-20 17:50,44.5776
2021-12-20 17:45,48.5084
2021-12-20 17:40,44.6218
2021-12-20 17:35,47.3897
2021-12-20 17:30,49.0862
2021-12-20 17:25,49.6361
2021-12-20 17:10,54.7640
2021-12-20 16:55,54.7640
2021-12-20 16:40,51.3966
2021-12-20 16:35,51.3966
2021-12-20 16:30,51.8723
2021-12-20 16:25,57.2874
2021-12-20 16:20,57.2874
2021-12-20 16:15,62.9542
2021-12-20 16:10,61.3401
2021-12-20 16:05,59.3674
2021-12-20 16:00,59.3674
2021-12-20 15:55,55.0858
2021-12-20 15:50,51.8223
2021-12-20 15:45,52.6111
2021-12-20 15:40,55.5559
2021-12-20 15:35,51.7073
2021-12-20 15:30,56.0156
2021-12-20 15:25,55.7040
2021-12-20 15:20,56.0728
2021-12-20 15:15,53.6507
2021-12-20 15:10,54.3049
2021-12-20 15:05,49.2796
2021-12-20 15:00,49.2796
2021-12-20 14:55,51.8060
2021-12-20 14:50,49.3971
2021-12-20 14:45,48.0302
2021-12-20 14:40,43.1666
2021-12-20 14:35,42.8813
2021-12-20 14:30,41.6577
2021-12-20 14:25,45.9318
2021-12-20 14:20,47.8710
2021-12-20 14:15,51.0149
2021-12-20 14:10,47.7129
2021-12-20 14:05,42.3918
2021-12-20 14:00,39.7434
2021-12-20 13:55,36.7744
2021-12-20 13:50,42.5225
2021-12-20 13:45,44.6146
2021-12-20 13:40,35.6560
2021-12-20 13:35,30.0766
2021-12-20 13:30,30.6575
2021-12-20 13:25,30.6575
2021-12-20 13:20,31.1766
2021-12-20 13:15,36.6512
2021-12-20 13:10,36.8092
2021-12-20 13:05,33.6217
2021-12-20 13:00,35.8613
2021-12-20 12:55,35.9308
2021-12-20 12:50,38.0522
2021-12-20 12:45,40.9489
2021-12-20 12:40,32.7485
2021-12-20 12:35,36.1986
2021-12-20 12:30,33.3875
2021-12-20 12:25,29.4517
2021-12-20 12:20,32.2859
2021-12-20 12:15,26.5423
2021-12-20 12:10,26.7935
2021-12-20 12:05,29.5462
2021-12-20 12:00,31.5934
2021-12-20 11:55,33.0093
2021-12-20 11:50,30.2267
2021-12-20 11:45,35.3899
2021-12-20 11:40,25.9381
2021-12-20 11:35,27.3163
2021-12-20 11:30,24.8933
2021-12-20 11:25,17.2044
2021-12-20 11:20,17.7332
2021-12-20 11:15,19.0959
2021-12-20 11:10,21.7215
2021-12-20 11:05,20.8627
2021-12-20 11:00,22.8868
2021-12-20 10:55,19.4014
2021-12-20 10:50,21.7624
2021-12-20 10:45,26.4889
2021-12-20 10:40,23.6600
2021-12-20 10:35,24.2374
2021-12-20 10:30,25.1887
2021-12-20 10:25,30.1304
2021-12-20 10:20,33.0762
2021-12-20 10:15,28.9727
2021-12-20 10:10,28.8280
2021-12-20 10:05,30.0208
2021-12-20 10:00,31.5202
2021-12-20 09:55,28.7231
2021-12-20 09:50,18.3003
2021-12-20 09:45,21.7293
2021-12-20 09:40,30.3159
2021-12-20 09:35,33.8664
2021-12-20 09:30,49.0775
2021-12-20 09:25,41.8435
2021-12-20 09:20,48.2019
2021-12-20 09:15,44.7731
2021-12-20 09:10,45.7046
2021-12-20 09:00,44.4054
2021-12-20 08:55,40.4352
2021-12-20 08:45,43.6515
2021-12-20 08:40,43.6515
2021-12-20 08:35,42.4677
2021-12-20 08:30,43.8949
2021-12-20 07:55,45.9000
2021-12-20 07:35,44.5561
2021-12-20 07:20,44.5561
2021-12-20 07:10,39.3607
2021-12-20 07:05,39.0292
2021-12-20 06:45,37.1133
2021-12-20 06:40,38.2288
2021-12-20 06:35,38.2288
2021-12-20 06:30,36.0180
2021-12-20 06:15,39.8228
2021-12-20 06:10,33.2780
2021-12-20 05:50,31.7803
2021-12-20 05:35,33.9001
2021-12-20 05:30,36.7862
2021-12-20 05:05,36.7862
2021-12-20 05:00,34.2458
2021-12-20 04:55,31.6969
2021-12-20 04:50,32.3966
2021-12-20 04:45,30.0055
2021-12-20 04:35,25.0845
2021-12-20 04:30,23.8415
2021-12-20 04:25,23.8415
2021-12-20 04:20,23.8415
2021-12-20 04:15,22.1876
2021-12-20 04:10,17.6193
2021-12-20 04:05,18.0670
2021-12-17 20:00,53.2405
2021-12-17 19:50,50.0131
2021-12-17 19:25,56.9477
2021-12-17 18:35,50.5855
2021-12-17 18:20,49.8613
2021-12-17 17:25,55.9531
2021-12-17 17:20,51.0988
2021-12-17 17:10,51.0988
2021-12-17 16:45,58.2108
2021-12-17 16:35,52.0084
2021-12-17 16:25,50.8801
2021-12-17 16:20,55.3072
2021-12-17 16:15,60.1686
2021-12-17 16:05,51.5388
2021-12-17 16:00,51.5388
2021-12-17 15:55,53.1950
2021-12-17 15:50,51.0018
2021-12-17 15:45,49.1583
2021-12-17 15:40,48.0698
2021-12-17 15:35,46.1054
2021-12-17 15:30,51.1708
2021-12-17 15:25,51.3397
2021-12-17 15:20,56.7318
2021-12-17 15:15,54.7383
2021-12-17 15:10,63.2416
2021-12-17 15:05,66.2838
2021-12-17 15:00,64.2294
2021-12-17 14:55,61.8299
2021-12-17 14:50,65.9371
2021-12-17 14:45,68.4712
2021-12-17 14:40,70.1400
2021-12-17 14:35,68.9087
2021-12-17 14:30,66.1295
2021-12-17 14:25,77.4928
2021-12-17 14:20,74.5853
2021-12-17 14:15,76.0252
2021-12-17 14:10,72.1086
2021-12-17 14:05,70.3882
2021-12-17 14:00,67.1477
2021-12-17 13:55,63.4318
2021-12-17 13:50,47.3891
2021-12-17 13:45,47.3891
2021-12-17 13:40,49.4683
2021-12-17 13:35,50.4969
2021-12-17 13:30,46.5772
2021-12-17 13:25,44.4266
2021-12-17 13:20,40.4176
2021-12-17 13:15,46.2724
2021-12-17 13:10,46.4562
2021-12-17 13:05,46.6282
2021-12-17 13:00,47.6101
2021-12-17 12:55,47.2664
2021-12-17 12:50,53.8247
2021-12-17 12:45,55.9888
2021-12-17 12:40,53.0685
2021-12-17 12:35,55.1057
2021-12-17 12:30,54.5659
2021-12-17 12:25,55.3382
2021-12-17 12:20,55.4841
2021-12-17 12:15,56.8761
2021-12-17 12:10,53.8668
2021-12-17 12:05,56.7564
2021-12-17 12:00,57.8034
2021-12-17 11:55,56.9743
2021-12-17 11:50,54.3849
2021-12-17 11:45,55.1555
2021-12-17 11:40,61.9037
2021-12-17 11:35,61.7539
2021-12-17 11:30,68.9282
2021-12-17 11:25,68.0203
2021-12-17 11:20,69.0190
2021-12-17 11:15,68.5908
2021-12-17 11:10,67.9742
2021-12-17 11:05,66.6574
2021-12-17 11:00,65.5442
2021-12-17 10:55,59.4939
2021-12-17 10:50,48.5782
2021-12-17 10:45,48.5782
2021-12-17 10:40,49.5799
2021-12-17 10:35,47.8748
2021-12-17 10:30,48.0588
2021-12-17 10:25,35.5410
2021-12-17 10:20,35.1139
2021-12-17 10:15,39.4867
2021-12-17 10:10,45.1418
2021-12-17 10:05,49.3486
2021-12-17 10:00,46.5747
2021-12-17 09:55,42.0567
2021-12-17 09:50,40.6380
2021-12-17 09:45,35.5058
2021-12-17 09:40,41.5669
2021-12-17 09:35,56.9968
2021-12-17 09:30,67.0291
2021-12-17 09:20,53.0886
2021-12-17 09:15,60.6260
2021-12-17 09:10,46.0177
2021-12-17 09:05,49.0508
2021-12-17 08:45,40.5405
2021-12-17 08:30,44.4904
2021-12-17 08:15,44.4904
2021-12-17 08:10,44.4904
2021-12-17 07:55,39.4493
2021-12-17 07:45,39.7848
2021-12-17 07:20,39.3055
2021-12-17 07:15,41.7757
2021-12-17 07:10,42.0827
2021-12-17 07:05,36.9175
2021-12-17 06:50,36.9175
2021-12-17 06:45,36.9175
2021-12-17 06:40,37.1385
2021-12-17 06:25,34.2131
2021-12-17 06:10,30.8515
2021-12-17 06:05,28.2019
2021-12-17 06:00,29.2424
2021-12-17 05:55,29.2424
2021-12-17 05:25,30.7811
2021-12-17 05:20,28.2307
2021-12-17 05:15,28.3520
2021-12-17 05:10,28.3520
2021-12-17 05:05,27.0003
2021-12-17 05:00,29.0349
2021-12-17 04:55,31.2194
2021-12-17 04:50,21.6389
2021-12-17 04:45,25.8406
2021-12-17 04:20,32.6677
2021-12-17 04:05,32.8256
2021-12-16 20:00,58.6027
2021-12-16 19:40,47.2122
2021-12-16 19:30,48.9368
2021-12-16 19:10,53.9711
2021-12-16 18:55,50.9919
2021-12-16 18:50,50.9919
2021-12-16 18:05,50.9919
2021-12-16 17:55,60.3785
2021-12-16 17:00,52.2097
2021-12-16 16:15,52.2097
2021-12-16 16:05,53.1088
2021-12-16 16:00,50.7458
2021-12-16 15:55,50.7458
2021-12-16 15:50,48.1156
2021-12-16 15:45,52.5857
2021-12-16 15:40,59.9070
2021-12-16 15:35,58.9709
2021-12-16 15:30,52.8360
2021-12-16 15:25,40.4292
2021-12-16 15:20,38.1926
2021-12-16 15:15,38.1926
2021-12-16 15:10,38.1926
2021-12-16 15:05,40.3134
2021-12-16 15:00,36.5759
2021-12-16 14:55,42.4362
2021-12-16 14:50,41.5203
2021-12-16 14:45,46.6942
2021-12-16 14:40,46.2798
2021-12-16 14:35,39.2601
2021-12-16 14:30,40.4906
2021-12-16 14:25,35.8333
2021-12-16 14:20,37.4641
2021-12-16 14:15,43.6225
2021-12-16 14:10,43.6225
2021-12-16 14:05,43.6225
2021-12-16 14:00,44.5006
2021-12-16 13:55,47.4574
2021-12-16 13:50,54.5216
2021-12-16 13:45,54.2202
2021-12-16 13:40,55.9411
2021-12-16 13:35,49.3767
2021-12-16 13:30,53.4069
2021-12-16 13:25,52.5070
2021-12-16 13:20,53.7934
2021-12-16 13:15,51.8776
2021-12-16 13:10,49.9508
2021-12-16 13:05,47.7297
2021-12-16 13:00,46.9093
2021-12-16 12:55,51.1322
2021-12-16 12:50,44.2829
2021-12-16 12:45,38.5220
2021-12-16 12:40,39.2548
2021-12-16 12:35,35.8555
2021-12-16 12:30,37.5269
2021-12-16 12:25,36.9201
2021-12-16 12:20,39.9855
2021-12-16 12:15,40.7242
2021-12-16 12:10,36.6486
2021-12-16 12:05,36.3778
2021-12-16 12:00,36.6689
2021-12-16 11:55,39.4539
2021-12-16 11:50,41.4542
2021-12-16 11:45,36.1346
2021-12-16 11:40,41.1114
2021-12-16 11:35,41.3518
2021-12-16 11:30,43.6424
2021-12-16 11:25,41.3540
2021-12-16 11:20,44.3976
2021-12-16 11:15,41.1818
2021-12-16 11:10,39.1390
2021-12-16 11:05,35.1662
2021-12-16 11:00,42.9821
2021-12-16 10:55,43.9366
2021-12-16 10:50,41.9412
2021-12-16 10:45,38.2690
2021-12-16 10:40,39.4268
2021-12-16 10:35,38.4665
2021-12-16 10:30,42.9567
2021-12-16 10:25,41.8922
2021-12-16 10:20,39.7158
2021-12-16 10:15,38.1675
2021-12-16 10:10,31.0408
2021-12-16 10:05,34.0291
2021-12-16 10:00,36.6943
2021-12-16 09:55,47.4435
2021-12-16 09:50,50.8594
2021-12-16 09:45,55.4974
2021-12-16 09:40,52.7783
2021-12-16 09:35,51.6487
2021-12-16 09:30,42.9611
2021-12-16 09:20,51.6505
2021-12-16 09:15,39.8956
2021-12-16 09:10,39.8956
2021-12-16 09:05,42.9312
2021-12-16 09:00,47.9091
2021-12-16 08:55,48.1163
2021-12-16 08:50,50.5529
2021-12-16 08:45,42.1684
2021-12-16 08:35,42.7137
2021-12-16 08:25,51.8442
2021-12-16 08:05,60.5592
2021-12-16 08:00,44.2060
2021-12-16 07:55,39.9610
2021-12-16 07:50,42.9988
2021-12-16 07:45,48.9694
2021-12-16 07:25,52.9198
2021-12-16 07:05,66.5066
2021-12-16 07:00,66.5066
2021-12-16 06:55,77.3517
2021-12-16 06:50,77.3517
2021-12-16 06:40,77.1828
2021-12-16 06:35,78.2665
2021-12-16 06:30,76.7510
2021-12-16 06:25,74.2500
2021-12-16 06:05,69.1067
2021-12-16 06:00,69.1067
2021-12-16 05:55,69.1067
2021-12-16 05:50,67.8736
2021-12-16 05:40,66.2035
2021-12-16 05:05,66.2035
2021-12-16 04:45,69.3103
2021-12-16 04:35,68.6267
2021-12-16 04:30,66.9161
2021-12-16 04:25,66.7478
2021-12-16 04:15,65.2708
2021-12-16 04:05,79.0338
2021-12-15 20:00,59.7430
2021-12-15 19:55,62.6194
2021-12-15 19:50,62.2821
2021-12-15 19:40,63.3435
2021-12-15 19:25,68.1997
2021-12-15 19:10,68.1997
2021-12-15 19:05,65.6788
2021-12-15 19:00,70.8918
2021-12-15 18:55,70.8971
2021-12-15 18:50,65.1701
2021-12-15 18:45,63.5029
2021-12-15 18:35,63.2305
2021-12-15 18:25,63.2305
2021-12-15 17:55,60.9699
2021-12-15 17:45,59.6915
2021-12-15 17:30,61.1801
2021-12-15 17:25,60.4940
2021-12-15 17:15,55.3662
2021-12-15 17:10,61.7450
2021-12-15 17:05,61.7450
2021-12-15 16:55,60.4349
2021-12-15 16:50,60.7569
2021-12-15 16:45,66.3367
2021-12-15 16:35,65.9955
2021-12-15 16:30,67.2615
2021-12-15 16:20,64.9182
2021-12-15 16:15,55.5938
2021-12-15 16:05,68.5934
2021-12-15 16:00,68.5934
2021-12-15 15:55,66.1557
2021-12-15 15:50,65.3881
2021-12-15 15:45,65.3881
2021-12-15 15:40,66.3614
2021-12-15 15:35,66.2057
2021-12-15 15:30,66.4915
2021-12-15 15:25,66.2207
2021-12-15 15:20,68.4022
2021-12-15 15:15,65.7524
2021-12-15 15:10,60.6173
2021-12-15 15:05,40.2990
2021-12-15 15:00,33.8133
2021-12-15 14:55,36.4703
2021-12-15 14:50,25.7125
2021-12-15 14:45,26.4874
2021-12-15 14:40,29.7868
2021-12-15 14:35,30.7219
2021-12-15 14:30,37.4995
2021-12-15 14:25,43.5420
2021-12-15 14:20,50.3593
2021-12-15 14:15,51.1420
2021-12-15 14:10,54.2751
2021-12-15 14:05,56.2759
2021-12-15 14:00,50.5167
2021-12-15 13:55,51.6311
2021-12-15 13:50,51.2985
2021-12-15 13:45,54.0595
2021-12-15 13:40,47.5001
2021-12-15 13:35,51.6052
2021-12-15 13:30,44.5609
2021-12-15 13:25,45.2040
2021-12-15 13:20,45.2040
2021-12-15 13:15,43.4445
2021-12-15 13:10,47.7124
2021-12-15 13:05,48.5991
2021-12-15 13:00,50.0382
2021-12-15 12:55,49.2001
2021-12-15 12:50,46.7099
2021-12-15 12:45,45.6095
2021-12-15 12:40,44.5463
2021-12-15 12:35,45.3698
2021-12-15 12:30,44.8969
2021-12-15 12:25,38.1883
2021-12-15 12:20,38.5108
2021-12-15 12:15,39.4385
2021-12-15 12:10,44.7814
2021-12-15 12:05,45.4062
2021-12-15 12:00,41.6251
2021-12-15 11:55,39.1659
2021-12-15 11:50,30.7987
2021-12-15 11:45,29.6089
2021-12-15 11:40,30.4183
2021-12-15 11:35,30.8358
2021-12-15 11:30,29.7161
2021-12-15 11:25,29.4638
2021-12-15 11:20,31.0002
2021-12-15 11:15,31.3001
2021-12-15 11:10,35.4380
2021-12-15 11:05,24.5469
2021-12-15 11:00,29.5681
2021-12-15 10:55,35.6368
2021-12-15 10:50,39.2315
2021-12-15 10:45,40.2107
2021-12-15 10:40,43.3819
2021-12-15 10:35,44.1709
2021-12-15 10:30,38.5690
2021-12-15 10:25,41.7377
2021-12-15 10:20,33.6898
2021-12-15 10:15,34.4472
2021-12-15 10:10,29.0133
2021-12-15 10:05,30.6203
2021-12-15 10:00,31.2635
2021-12-15 09:55,33.7318
2021-12-15 09:50,33.6215
2021-12-15 09:45,31.8714
2021-12-15 09:40,37.6909
2021-12-15 09:35,27.0525
2021-12-15 09:30,48.4079
2021-12-15 09:25,42.8471
2021-12-15 09:20,46.3975
2021-12-15 09:15,53.7155
2021-12-15 09:10,52.8141
2021-12-15 09:00,51.0434
2021-12-15 08:55,51.3416
2021-12-15 08:25,46.0768
2021-12-15 08:00,46.8615
2021-12-15 07:35,50.8849
2021-12-15 07:30,41.5679
2021-12-15 07:00,54.7476
2021-12-15 06:55,54.4203
2021-12-15 06:45,54.4203
2021-12-15 06:25,43.0561
2021-12-15 06:15,43.0561
2021-12-15 05:45,37.1443
2021-12-15 05:40,37.1443
2021-12-15 05:30,37.3834
2021-12-15 05:25,35.4549
2021-12-15 05:10,37.3791
2021-12-15 05:05,37.3791
2021-12-15 05:00,32.0822
2021-12-15 04:55,28.3292
2021-12-15 04:45,25.6591
2021-12-15 04:40,23.7756
2021-12-15 04:30,24.7056
2021-12-15 04:20,25.2795
2021-12-15 04:15,25.3890
2021-12-15 04:10,28.1023
2021-12-15 04:05,24.3486
2021-12-14 19:50,53.5589
2021-12-14 19:25,40.8737
2021-12-14 19:20,48.4333
2021-12-14 18:55,52.3681
2021-12-14 18:50,48.4816
2021-12-14 18:30,47.3418
2021-12-14 18:20,47.8331
2021-12-14 18:10,47.8331
2021-12-14 18:05,47.3620
2021-12-14 18:00,49.8712
2021-12-14 17:50,49.0355
2021-12-14 17:45,52.7071
2021-12-14 17:40,51.9649
2021-12-14 17:25,52.7334
2021-12-14 17:05,49.9863
2021-12-14 17:00,50.3258
2021-12-14 16:35,43.5632
2021-12-14 16:10,55.3471
2021-12-14 16:05,39.7372
2021-12-14 16:00,39.7372
2021-12-14 15:55,39.1817
2021-12-14 15:50,48.7867
2021-12-14 15:45,55.3617
2021-12-14 15:40,57.1496
2021-12-14 15:35,45.7642
2021-12-14 15:30,47.4361
2021-12-14 15:25,49.1019
2021-12-14 15:20,47.9709
2021-12-14 15:15,47.8525
2021-12-14 15:10,47.2036
2021-12-14 15:05,48.7436
2021-12-14 15:00,48.2961
2021-12-14 14:55,45.1852
2021-12-14 14:50,48.2671
2021-12-14 14:45,49.4414
2021-12-14 14:40,51.7809
2021-12-14 14:35,51.0642
2021-12-14 14:30,47.4367
2021-12-14 14:25,52.0553
2021-12-14 14:20,48.8670
2021-12-14 14:15,51.7422
2021-12-14 14:10,51.7422
2021-12-14 14:05,46.6692
2021-12-14 14:00,43.3513
2021-12-14 13:55,46.6447
2021-12-14 13:50,52.7319
2021-12-14 13:45,48.1983
2021-12-14 13:40,50.2644
2021-12-14 13:35,50.2644
2021-12-14 13:30,51.5343
2021-12-14 13:25,51.5343
2021-12-14 13:20,42.8143
2021-12-14 13:15,44.4040
2021-12-14 13:10,44.4040
2021-12-14 13:05,44.3238
2021-12-14 13:00,43.6499
2021-12-14 12:55,39.9180
2021-12-14 12:50,44.2038
2021-12-14 12:45,45.7232
2021-12-14 12:40,46.8994
2021-12-14 12:35,46.7839
2021-12-14 12:30,44.7751
2021-12-14 12:25,39.2116
2021-12-14 12:20,37.3409
2021-12-14 12:15,45.4864
2021-12-14 12:10,42.2509
2021-12-14 12:05,41.5070
2021-12-14 12:00,43.7762
2021-12-14 11:55,43.4449
2021-12-14 11:50,39.4710
2021-12-14 11:45,39.9782
2021-12-14 11:40,37.4180
2021-12-14 11:35,38.6952
2021-12-14 11:30,39.5091
2021-12-14 11:25,40.2962
2021-12-14 11:20,41.5985
2021-12-14 11:15,37.5068
2021-12-14 11:10,38.4447
2021-12-14 11:05,41.9032
2021-12-14 11:00,42.5713
2021-12-14 10:55,45.7253
2021-12-14 10:50,52.2756
2021-12-14 10:45,52.8268
2021-12-14 10:40,53.6141
2021-12-14 10:35,58.0312
2021-12-14 10:30,52.0255
2021-12-14 10:25,54.7184
2021-12-14 10:20,48.1090
2021-12-14 10:15,50.2956
2021-12-14 10:10,56.3062
2021-12-14 10:05,48.3010
2021-12-14 10:00,47.7079
2021-12-14 09:55,43.0025
2021-12-14 09:50,44.0716
2021-12-14 09:45,41.9111
2021-12-14 09:40,34.0838
2021-12-14 09:35,26.0882
2021-12-14 09:30,44.8230
2021-12-14 09:25,37.5181
2021-12-14 09:20,39.3078
2021-12-14 09:15,32.7547
2021-12-14 09:10,35.5054
2021-12-14 09:05,39.4907
2021-12-14 09:00,40.8453
2021-12-14 08:55,31.8531
2021-12-14 08:50,26.4858
2021-12-14 08:45,32.9666
2021-12-14 08:40,37.3152
2021-12-14 08:35,37.3152
2021-12-14 08:10,41.6695
2021-12-14 08:05,41.6695
2021-12-14 07:50,46.6056
2021-12-14 07:45,40.0065
2021-12-14 07:40,40.4710
2021-12-14 07:10,37.0795
2021-12-14 06:50,34.6598
2021-12-14 06:10,31.5155
2021-12-14 06:05,32.8190
2021-12-14 06:00,32.4949
2021-12-14 05:30,32.6412
2021-12-14 05:15,32.3585
2021-12-14 05:10,32.3585
2021-12-14 05:05,26.2192
2021-12-14 05:00,26.4128
2021-12-14 04:55,31.8758
2021-12-14 04:50,33.1492
2021-12-14 04:40,36.5374
2021-12-14 04:35,33.2427
2021-12-14 04:30,32.2376
2021-12-14 04:25,30.2883
2021-12-14 04:20,32.4556
2021-12-14 04:05,34.5200
2021-12-13 19:55,46.8066
2021-12-13 19:40,46.8066
2021-12-13 19:20,44.6846
2021-12-13 19:15,48.2600
2021-12-13 19:00,56.1925
2021-12-13 18:55,56.1925
2021-12-13 18:50,56.6148
2021-12-13 17:55,63.2342
2021-12-13 17:30,42.7081
2021-12-13 17:15,42.4065
2021-12-13 16:50,39.4467
2021-12-13 16:45,41.0124
2021-12-13 16:30,41.0124
2021-12-13 16:25,44.4341
2021-12-13 16:10,32.5278
2021-12-13 16:05,39.1831
2021-12-13 16:00,24.9184
2021-12-13 15:55,30.4054
2021-12-13 15:50,37.2304
2021-12-13 15:45,39.4438
2021-12-13 15:40,44.7360
2021-12-13 15:35,42.8368
2021-12-13 15:30,44.6165
2021-12-13 15:25,49.5905
2021-12-13 15:20,50.3931
2021-12-13 15:15,50.9675
2021-12-13 15:10,49.9070
2021-12-13 15:05,55.4779
2021-12-13 15:00,49.9436
2021-12-13 14:55,55.7783
2021-12-13 14:50,54.4141
2021-12-13 14:45,50.5159
2021-12-13 14:40,47.2812
2021-12-13 14:35,49.5827
2021-12-13 14:30,48.5085
2021-12-13 14:25,51.0326
2021-12-13 14:20,48.5465
2021-12-13 14:15,49.1646
2021-12-13 14:10,47.9335
2021-12-13 14:05,51.8702
2021-12-13 14:00,52.6133
2021-12-13 13:55,56.8478
2021-12-13 13:50,59.7169
2021-12-13 13:45,65.5165
2021-12-13 13:40,56.6663
2021-12-13 13:35,53.8069
2021-12-13 13:30,50.4685
2021-12-13 13:25,50.6229
2021-12-13 13:20,50.6229
2021-12-13 13:15,50.4923
2021-12-13 13:10,50.4923
2021-12-13 13:05,52.2809
2021-12-13 13:00,48.6796
2021-12-13 12:55,45.5810
2021-12-13 12:50,45.9776
2021-12-13 12:45,49.4750
2021-12-13 12:40,50.3902
2021-12-13 12:35,50.5833
2021-12-13 12:30,47.5011
2021-12-13 12:25,42.3401
2021-12-13 12:20,38.2507
2021-12-13 12:15,46.0349
2021-12-13 12:10,50.7357
2021-12-13 12:05,37.7333
2021-12-13 12:00,37.7333
2021-12-13 11:55,30.9978
2021-12-13 11:50,27.1740
2021-12-13 11:45,28.0527
2021-12-13 11:40,26.6366
2021-12-13 11:35,27.7642
2021-12-13 11:30,24.4997
2021-12-13 11:25,28.0283
2021-12-13 11:20,29.7142
2021-12-13 11:15,31.8762
2021-12-13 11:10,37.5464
2021-12-13 11:05,35.8740
2021-12-13 11:00,35.3380
2021-12-13 10:55,35.7543
2021-12-13 10:50,35.2824
2021-12-13 10:45,31.2995
2021-12-13 10:40,29.2788
2021-12-13 10:35,31.5606
2021-12-13 10:30,33.9638
2021-12-13 10:25,36.5479
2021-12-13 10:20,35.7222
2021-12-13 10:15,39.8112
2021-12-13 10:10,41.4976
2021-12-13 10:05,41.3201
2021-12-13 10:00,44.4520
2021-12-13 09:55,33.1619
2021-12-13 09:50,36.6173
2021-12-13 09:45,41.4273
2021-12-13 09:40,30.0514
2021-12-13 09:35,32.6256
2021-12-13 09:30,38.2803
2021-12-13 09:25,39.5873
2021-12-13 09:20,45.7516
2021-12-13 09:15,42.8343
2021-12-13 09:10,40.6100
2021-12-13 08:55,46.5959
2021-12-13 08:50,50.0189
2021-12-13 08:05,52.9538
2021-12-13 08:00,48.1753
2021-12-13 07:10,47.9521
2021-12-13 06:50,47.7432
2021-12-13 05:45,47.5477
2021-12-13 05:40,47.8804
2021-12-13 04:30,52.6712
2021-12-13 04:25,43.9260
2021-12-13 04:20,39.9821
2021-12-13 04:05,60.3439
2021-12-10 19:05,60.1412
2021-12-10 18:15,64.0957
2021-12-10 17:45,62.3263
2021-12-10 17:10,68.2612
2021-12-10 16:55,68.5804
2021-12-10 16:30,74.0455
2021-12-10 16:10,72.2325
2021-12-10 16:05,70.7128
2021-12-10 16:00,71.9313
2021-12-10 15:55,69.6224
2021-12-10 15:50,73.4617
2021-12-10 15:45,72.4863
2021-12-10 15:40,67.4944
2021-12-10 15:35,63.2955
2021-12-10 15:30,51.9868
2021-12-10 15:25,56.4749
2021-12-10 15:20,72.3218
2021-12-10 15:15,62.2443
2021-12-10 15:10,60.6610
2021-12-10 15:05,60.3522
2021-12-10 15:00,55.8467
2021-12-10 14:55,47.5439
2021-12-10 14:50,51.3896
2021-12-10 14:45,52.4846
2021-12-10 14:40,51.9137
2021-12-10 14:35,38.5384
2021-12-10 14:30,41.9690
2021-12-10 14:25,39.8202
2021-12-10 14:20,40.6947
2021-12-10 14:15,37.3743
2021-12-10 14:10,38.2931
2021-12-10 14:05,41.6185
2021-12-10 14:00,39.0438
2021-12-10 13:55,43.0506
2021-12-10 13:50,45.1141
2021-12-10 13:45,36.3836
2021-12-10 13:40,39.2004
2021-12-10 13:35,41.5221
2021-12-10 13:30,46.6535
2021-12-10 13:25,45.5375
2021-12-10 13:20,46.9983
2021-12-10 13:15,46.8002
2021-12-10 13:10,45.6689
2021-12-10 13:05,44.0105
2021-12-10 13:00,43.4764
2021-12-10 12:55,43.8649
2021-12-10 12:50,41.0884
2021-12-10 12:45,36.9813
2021-12-10 12:40,37.5564
2021-12-10 12:35,38.1830
2021-12-10 12:30,40.1949
2021-12-10 12:25,41.0558
2021-12-10 12:20,41.4220
2021-12-10 12:15,46.4191
2021-12-10 12:10,42.7170
2021-12-10 12:05,42.2227
2021-12-10 12:00,42.5638
2021-12-10 11:55,43.5435
2021-12-10 11:50,44.6570
2021-12-10 11:45,41.8975
2021-12-10 11:40,36.2008
2021-12-10 11:35,40.5029
2021-12-10 11:30,46.6285
2021-12-10 11:25,43.4520
2021-12-10 11:20,44.6023
2021-12-10 11:15,44.0125
2021-12-10 11:10,42.0313
2021-12-10 11:05,40.4015
2021-12-10 11:00,42.7281
2021-12-10 10:55,45.8616
2021-12-10 10:50,39.6028
2021-12-10 10:45,43.0346
2021-12-10 10:40,40.6467
2021-12-10 10:35,39.4685
2021-12-10 10:30,46.6829
2021-12-10 10:25,47.1232
2021-12-10 10:20,55.6522
2021-12-10 10:15,49.9661
2021-12-10 10:10,45.5864
2021-12-10 10:05,39.6600
2021-12-10 10:00,39.4488
2021-12-10 09:55,40.2333
2021-12-10 09:50,37.3408
2021-12-10 09:45,42.1381
2021-12-10 09:40,49.2505
2021-12-10 09:35,47.6451
2021-12-10 09:30,43.3958
2021-12-10 09:05,51.6418
2021-12-10 09:00,54.4555
2021-12-10 08:40,72.0919
2021-12-10 08:35,50.9103
2021-12-10 08:25,35.0269
2021-12-10 07:25,34.6495
2021-12-10 07:20,37.0731
2021-12-10 07:15,37.3765
2021-12-10 07:10,37.3765
2021-12-10 07:00,38.7437
2021-12-10 06:55,38.7437
2021-12-10 06:50,34.6196
2021-12-10 06:45,34.8374
2021-12-10 06:30,36.7705
2021-12-10 06:20,24.1822
2021-12-10 06:15,26.5519
2021-12-10 06:10,26.5519
2021-12-10 06:00,26.5519
2021-12-10 05:25,27.3173
2021-12-10 05:05,23.2059
2021-12-10 04:05,29.1844
2021-12-09 19:45,39.9733
2021-12-09 19:35,40.6069
2021-12-09 18:50,34.3237
2021-12-09 18:10,33.8236
2021-12-09 17:40,39.0723
2021-12-09 16:50,37.1662
2021-12-09 16:10,38.5666
2021-12-09 16:05,36.3392
2021-12-09 16:00,34.5770
2021-12-09 15:55,41.1947
2021-12-09 15:50,44.3472
2021-12-09 15:45,42.0837
2021-12-09 15:40,38.4936
2021-12-09 15:35,40.1238
2021-12-09 15:30,32.1149
2021-12-09 15:25,29.1830
2021-12-09 15:20,32.5559
2021-12-09 15:15,25.6016
2021-12-09 15:10,27.9832
2021-12-09 15:05,35.3660
2021-12-09 15:00,37.5888
2021-12-09 14:55,46.0320
2021-12-09 14:50,44.9889
2021-12-09 14:45,48.4684
2021-12-09 14:40,47.0422
2021-12-09 14:35,47.4487
2021-12-09 14:30,46.5916
2021-12-09 14:25,49.3968
2021-12-09 14:20,50.7201
2021-12-09 14:15,47.7492
2021-12-09 14:10,48.4270
2021-12-09 14:05,48.0848
2021-12-09 14:00,47.1074
2021-12-09 13:55,40.9090
2021-12-09 13:50,37.1068
2021-12-09 13:45,43.0185
2021-12-09 13:40,47.2755
2021-12-09 13:35,48.5501
2021-12-09 13:30,42.4238
2021-12-09 13:25,40.8859
2021-12-09 13:20,48.0343
2021-12-09 13:15,47.6804
2021-12-09 13:10,48.6025
2021-12-09 13:05,47.9797
2021-12-09 13:00,49.9466
2021-12-09 12:55,52.2184
2021-12-09 12:50,51.1876
2021-12-09 12:45,54.7522
2021-12-09 12:40,52.6316
2021-12-09 12:35,50.2249
2021-12-09 12:30,51.1909
2021-12-09 12:25,55.1297
2021-12-09 12:20,49.2360
2021-12-09 12:15,51.6593
2021-12-09 12:10,50.7591
2021-12-09 12:05,49.4479
2021-12-09 12:00,54.8754
2021-12-09 11:55,55.1094
2021-12-09 11:50,52.6729
2021-12-09 11:45,49.3336
2021-12-09 11:40,50.1060
2021-12-09 11:35,52.3912
2021-12-09 11:30,51.7095
2021-12-09 11:25,48.0858
2021-12-09 11:20,40.3693
2021-12-09 11:15,39.6214
2021-12-09 11:10,42.5980
2021-12-09 11:05,38.6221
2021-12-09 11:00,38.0087
2021-12-09 10:55,41.0567
2021-12-09 10:50,39.4601
2021-12-09 10:45,39.1902
2021-12-09 10:40,41.3952
2021-12-09 10:35,48.7453
2021-12-09 10:30,50.6961
2021-12-09 10:25,55.8180
2021-12-09 10:20,52.6192
2021-12-09 10:15,52.4115
2021-12-09 10:10,59.7964
2021-12-09 10:05,64.4300
2021-12-09 10:00,60.3189
2021-12-09 09:55,47.1933
2021-12-09 09:50,51.2310
2021-12-09 09:45,63.6331
2021-12-09 09:40,71.9511
2021-12-09 09:35,62.8486
2021-12-09 09:30,57.4356
2021-12-09 09:25,50.0107
2021-12-09 09:20,45.1748
2021-12-09 09:05,47.9969
2021-12-09 09:00,49.2671
2021-12-09 08:50,50.5083
2021-12-09 08:45,38.6725
2021-12-09 08:40,40.0190
2021-12-09 08:35,40.8107
2021-12-09 08:20,42.0995
2021-12-09 07:15,48.3367
2021-12-09 07:05,50.5493
2021-12-09 06:55,48.3540
2021-12-09 06:50,48.3540
2021-12-09 06:45,42.0122
2021-12-09 06:35,50.6803
2021-12-09 06:30,53.4090
2021-12-09 06:25,53.7448
2021-12-09 06:20,47.9724
2021-12-09 06:15,49.4813
2021-12-09 05:50,49.7721
2021-12-09 05:10,52.9500
2021-12-09 04:50,53.8203
2021-12-09 04:35,51.3451
2021-12-09 04:25,50.6076
2021-12-09 04:15,43.4436
2021-12-09 04:10,40.7852
2021-12-09 04:05,34.0707
2021-12-08 20:00,36.0595
2021-12-08 19:55,42.0714
2021-12-08 19:50,41.4463
2021-12-08 19:30,41.6550
2021-12-08 19:10,45.0236
2021-12-08 19:05,41.4514
2021-12-08 19:00,41.4514
2021-12-08 18:45,47.1398
2021-12-08 18:40,47.1398
2021-12-08 18:35,47.1398
2021-12-08 18:20,48.2765
2021-12-08 18:05,48.8231
2021-12-08 17:50,49.8717
2021-12-08 17:25,56.2261
2021-12-08 17:20,40.4869
2021-12-08 17:00,41.7715
2021-12-08 16:30,39.4790
2021-12-08 16:15,57.7881
2021-12-08 16:10,36.8783
2021-12-08 16:05,36.8783
2021-12-08 16:00,37.6830
2021-12-08 15:55,39.9783
2021-12-08 15:50,42.2260
2021-12-08 15:45,39.2527
2021-12-08 15:40,47.0468
2021-12-08 15:35,46.3236
2021-12-08 15:30,42.8929
2021-12-08 15:25,42.4757
2021-12-08 15:20,39.4899
2021-12-08 15:15,37.2205
2021-12-08 15:10,34.1635
2021-12-08 15:05,39.0148
2021-12-08 15:00,43.1530
2021-12-08 14:55,39.0241
2021-12-08 14:50,40.0053
2021-12-08 14:45,42.4849
2021-12-08 14:40,41.8151
2021-12-08 14:35,43.7055
2021-12-08 14:30,38.7215
2021-12-08 14:25,44.1014
2021-12-08 14:20,46.4462
2021-12-08 14:15,45.0907
2021-12-08 14:10,46.2998
2021-12-08 14:05,47.2408
2021-12-08 14:00,54.4313
2021-12-08 13:55,60.8854
2021-12-08 13:50,59.6150
2021-12-08 13:45,58.7863
2021-12-08 13:40,57.7808
2021-12-08 13:35,55.2460
2021-12-08 13:30,53.9098
2021-12-08 13:25,56.3116
2021-12-08 13:20,57.5010
2021-12-08 13:15,52.6744
2021-12-08 13:10,53.7648
2021-12-08 13:05,53.2253
2021-12-08 13:00,50.1659
2021-12-08 12:55,56.8709
2021-12-08 12:50,61.0004
2021-12-08 12:45,63.8715
2021-12-08 12:40,60.5685
2021-12-08 12:35,59.3594
2021-12-08 12:30,62.6947
2021-12-08 12:25,61.6313
2021-12-08 12:20,65.1903
2021-12-08 12:15,63.4689
2021-12-08 12:10,62.6407
2021-12-08 12:05,61.3625
2021-12-08 12:00,61.8988
2021-12-08 11:55,62.0667
2021-12-08 11:50,65.7956
2021-12-08 11:45,64.0578
2021-12-08 11:40,67.6590
2021-12-08 11:35,63.5021
2021-12-08 11:30,58.5556
2021-12-08 11:25,62.4875
2021-12-08 11:20,61.7927
2021-12-08 11:15,63.6700
2021-12-08 11:10,59.6898
2021-12-08 11:05,57.4209
2021-12-08 11:00,61.7485
2021-12-08 10:55,59.6927
2021-12-08 10:50,51.7387
2021-12-08 10:45,52.5524
2021-12-08 10:40,58.9896
2021-12-08 10:35,50.8444
2021-12-08 10:30,49.9986
2021-12-08 10:25,47.1020
2021-12-08 10:20,49.0290
2021-12-08 10:15,45.5836
2021-12-08 10:10,43.8205
2021-12-08 10:05,40.4524
2021-12-08 10:00,43.0531
2021-12-08 09:55,46.4810
2021-12-08 09:50,52.3130
2021-12-08 09:45,43.6789
2021-12-08 09:40,17.8017
2021-12-08 09:35,19.2760
2021-12-08 09:30,21.9331
2021-12-08 09:25,31.7792
2021-12-08 09:20,34.8678
2021-12-08 09:10,37.4526
2021-12-08 09:05,38.8941
2021-12-08 08:40,40.3358
2021-12-08 08:30,41.5620
2021-12-08 08:25,43.6138
2021-12-08 08:20,40.9048
2021-12-08 08:05,43.2185
2021-12-08 07:20,43.7935
2021-12-08 07:15,43.7935
2021-12-08 06:55,40.3731
2021-12-08 06:50,46.5048
2021-12-08 06:05,51.7140
2021-12-08 05:45,43.4841
2021-12-08 05:35,39.3718
2021-12-08 05:25,39.0975
2021-12-08 05:20,35.2912
2021-12-08 05:10,36.0381
2021-12-08 05:05,36.0381
2021-12-08 04:55,32.5937
2021-12-08 04:50,35.2367
2021-12-08 04:45,35.7494
2021-12-08 04:40,35.5317
2021-12-08 04:35,28.5618
2021-12-08 04:30,31.1878
2021-12-08 04:25,31.7083
2021-12-08 04:20,34.9595
2021-12-08 04:10,28.1154
2021-12-08 04:05,28.3929
2021-12-07 19:55,52.9959
2021-12-07 19:50,50.3686
2021-12-07 19:30,49.0463
2021-12-07 19:20,45.2540
2021-12-07 19:10,49.3996
2021-12-07 18:45,49.6480
2021-12-07 18:35,49.8810
2021-12-07 17:30,54.1253
2021-12-07 17:25,49.3275
2021-12-07 16:55,41.2831
2021-12-07 16:40,41.2831
2021-12-07 16:15,47.4765
2021-12-07 16:10,40.6320
2021-12-07 16:05,48.4487
2021-12-07 16:00,39.2997
2021-12-07 15:55,30.8596
2021-12-07 15:50,34.0466
2021-12-07 15:45,38.0757
2021-12-07 15:40,40.4363
2021-12-07 15:35,40.9915
2021-12-07 15:30,37.8202
2021-12-07 15:25,41.0187
2021-12-07 15:20,39.6926
2021-12-07 15:15,38.5937
2021-12-07 15:10,46.1401
2021-12-07 15:05,49.8883
2021-12-07 15:00,51.1750
2021-12-07 14:55,51.7953
2021-12-07 14:50,53.2948
2021-12-07 14:45,50.2166
2021-12-07 14:40,48.7156
2021-12-07 14:35,55.0170
2021-12-07 14:30,53.9098
2021-12-07 14:25,54.1850
2021-12-07 14:20,53.6356
2021-12-07 14:15,48.7249
2021-12-07 14:10,55.0165
2021-12-07 14:05,53.6837
2021-12-07 14:00,48.0900
2021-12-07 13:55,51.0112
2021-12-07 13:50,47.6919
2021-12-07 13:45,51.2765
2021-12-07 13:40,49.1470
2021-12-07 13:35,48.0937
2021-12-07 13:30,42.2982
2021-12-07 13:25,47.7788
2021-12-07 13:20,48.2251
2021-12-07 13:15,48.7537
2021-12-07 13:10,58.9551
2021-12-07 13:05,64.2416
2021-12-07 13:00,65.9187
2021-12-07 12:55,66.9515
2021-12-07 12:50,66.6744
2021-12-07 12:45,64.6081
2021-12-07 12:40,64.6081
2021-12-07 12:35,60.5282
2021-12-07 12:30,59.1719
2021-12-07 12:25,62.9835
2021-12-07 12:20,60.7747
2021-12-07 12:15,59.3740
2021-12-07 12:10,58.2669
2021-12-07 12:05,56.1882
2021-12-07 12:00,56.5369
2021-12-07 11:55,51.6629
2021-12-07 11:50,52.0501
2021-12-07 11:45,54.2391
2021-12-07 11:40,50.5068
2021-12-07 11:35,50.1019
2021-12-07 11:30,48.4709
2021-12-07 11:25,46.4557
2021-12-07 11:20,42.9825
2021-12-07 11:15,49.2588
2021-12-07 11:10,53.9105
2021-12-07 11:05,59.0922
2021-12-07 11:00,50.8141
2021-12-07 10:55,55.0454
2021-12-07 10:50,62.6736
2021-12-07 10:45,67.3649
2021-12-07 10:40,68.2936
2021-12-07 10:35,66.8803
2021-12-07 10:30,63.6726
2021-12-07 10:25,61.5091
2021-12-07 10:20,64.0469
2021-12-07 10:15,67.6019
2021-12-07 10:10,64.1236
2021-12-07 10:05,64.4711
2021-12-07 10:00,53.4683
2021-12-07 09:55,50.5967
2021-12-07 09:50,30.9034
2021-12-07 09:45,39.4876
2021-12-07 09:40,42.2357
2021-12-07 09:35,39.7320
2021-12-07 09:30,49.7418
2021-12-07 09:25,78.1984
2021-12-07 09:15,67.9984
2021-12-07 09:10,70.9333
2021-12-07 09:05,67.6967
2021-12-07 09:00,67.6967
2021-12-07 08:55,67.7032
2021-12-07 08:50,67.4097
2021-12-07 08:45,64.1115
2021-12-07 08:40,59.6278
2021-12-07 08:35,67.4531
2021-12-07 08:25,67.4531
2021-12-07 08:20,68.6481
2021-12-07 08:15,70.9837
2021-12-07 08:10,67.6636
2021-12-07 08:05,66.8508
2021-12-07 08:00,66.8508
2021-12-07 07:50,66.1164
2021-12-07 07:45,65.1608
2021-12-07 07:40,68.2904
2021-12-07 07:25,72.9373
2021-12-07 07:20,71.1120
2021-12-07 07:15,75.8633
2021-12-07 07:10,61.5503
2021-12-07 07:05,65.1370
2021-12-07 07:00,69.5261
2021-12-07 06:50,69.2513
2021-12-07 06:35,67.6244
2021-12-07 06:30,66.2423
2021-12-07 06:25,65.9726
2021-12-07 06:20,68.5146
2021-12-07 06:15,71.0570
2021-12-07 06:10,70.8561
2021-12-07 06:05,70.8561
2021-12-07 05:55,71.2826
2021-12-07 05:50,69.4014
2021-12-07 05:45,70.9713
2021-12-07 05:30,73.2801
2021-12-07 05:25,75.5628
2021-12-07 05:20,74.9592
2021-12-07 05:15,74.0053
2021-12-07 05:10,72.6763
2021-12-07 05:05,72.0737
2021-12-07 05:00,70.5032
2021-12-07 04:55,70.1434
2021-12-07 04:50,73.1828
2021-12-07 04:45,74.8250
2021-12-07 04:40,72.4315
2021-12-07 04:35,80.6956
2021-12-07 04:30,81.2895
2021-12-07 04:25,79.2313
2021-12-07 04:20,85.8867
2021-12-07 04:15,85.0379
2021-12-07 04:10,83.9152
2021-12-07 04:05,81.0808
2021-12-06 20:00,69.2703
2021-12-06 19:55,67.7914
2021-12-06 19:50,71.3799
2021-12-06 19:45,72.5689
2021-12-06 19:35,71.0777
2021-12-06 19:30,69.5402
2021-12-06 19:20,77.1577
2021-12-06 19:00,73.8303
2021-12-06 18:55,73.8303
2021-12-06 18:35,67.4531
2021-12-06 18:25,64.3505
2021-12-06 18:05,63.9247
2021-12-06 18:00,63.9247
2021-12-06 17:50,63.5494
2021-12-06 17:45,68.8730
2021-12-06 17:40,62.9247
2021-12-06 16:55,62.9247
2021-12-06 16:50,71.0887
2021-12-06 16:45,68.0790
2021-12-06 16:30,67.3783
2021-12-06 16:20,67.7234
2021-12-06 16:15,79.4359
2021-12-06 16:05,79.4359
2021-12-06 16:00,76.8777
2021-12-06 15:55,74.8572
2021-12-06 15:50,70.9537
2021-12-06 15:45,65.8439
2021-12-06 15:40,70.0022
2021-12-06 15:35,67.9337
2021-12-06 15:30,67.4602
2021-12-06 15:25,71.1685
2021-12-06 15:20,69.3574
2021-12-06 15:15,64.0144
2021-12-06 15:10,58.9054
2021-12-06 15:05,54.8952
2021-12-06 15:00,52.8318
2021-12-06 14:55,46.3162
2021-12-06 14:50,45.6186
2021-12-06 14:45,44.7859
2021-12-06 14:40,47.6304
2021-12-06 14:35,52.0125
2021-12-06 14:30,57.4072
2021-12-06 14:25,57.5753
2021-12-06 14:20,59.2667
2021-12-06 14:15,64.1860
2021-12-06 14:10,58.5554
2021-12-06 14:05,59.2204
2021-12-06 14:00,55.4654
2021-12-06 13:55,54.2394
2021-12-06 13:50,53.2861
2021-12-06 13:45,46.7146
2021-12-06 13:40,52.8003
2021-12-06 13:35,56.4418
2021-12-06 13:30,56.5928
2021-12-06 13:25,53.7182
2021-12-06 13:20,52.5511
2021-12-06 13:15,54.0705
2021-12-06 13:10,54.5587
2021-12-06 13:05,56.4520
2021-12-06 13:00,58.0899
2021-12-06 12:55,58.4273
2021-12-06 12:50,57.2754
2021-12-06 12:45,53.9587
2021-12-06 12:40,58.0431
2021-12-06 12:35,55.2015
2021-12-06 12:30,49.9245
2021-12-06 12:25,50.8211
2021-12-06 12:20,54.0669
2021-12-06 12:15,52.8234
2021-12-06 12:10,49.9951
2021-12-06 12:05,51.1014
2021-12-06 12:00,52.8065
2021-12-06 11:55,49.3803
2021-12-06 11:50,50.0871
2021-12-06 11:45,54.5558
2021-12-06 11:40,56.3633
2021-12-06 11:35,57.0212
2021-12-06 11:30,54.9032
2021-12-06 11:25,50.6154
2021-12-06 11:20,51.8527
2021-12-06 11:15,46.3752
2021-12-06 11:10,51.1812
2021-12-06 11:05,46.6927
2021-12-06 11:00,49.4680
2021-12-06 10:55,48.0980
2021-12-06 10:50,51.4543
2021-12-06 10:45,52.4682
2021-12-06 10:40,53.6226
2021-12-06 10:35,61.6884
2021-12-06 10:30,63.9203
2021-12-06 10:25,61.1464
2021-12-06 10:20,55.8640
2021-12-06 10:15,54.5555
2021-12-06 10:10,51.7508
2021-12-06 10:05,49.5330
2021-12-06 10:00,50.7156
2021-12-06 09:55,53.3918
2021-12-06 09:50,50.4999
2021-12-06 09:45,37.1926
2021-12-06 09:40,25.4368
2021-12-06 09:35,22.8288
2021-12-06 09:30,29.0233
2021-12-06 09:25,52.6882
2021-12-06 09:20,48.4002
2021-12-06 09:15,44.2281
2021-12-06 09:05,35.4430
2021-12-06 09:00,36.3599
2021-12-06 08:55,35.7425
2021-12-06 08:50,36.0674
2021-12-06 08:45,36.0674
2021-12-06 08:40,34.7895
2021-12-06 08:35,35.7176
2021-12-06 08:25,38.8826
2021-12-06 08:05,33.6615
2021-12-06 08:00,39.3346
2021-12-06 07:55,39.0964
2021-12-06 07:20,40.4233
2021-12-06 07:00,58.7248
2021-12-06 06:55,56.4626
2021-12-06 06:25,53.2158
2021-12-06 06:15,53.9631
2021-12-06 06:10,48.0969
2021-12-06 06:05,48.0969
2021-12-06 06:00,47.8766
2021-12-06 05:55,46.8289
2021-12-06 05:40,47.7196
2021-12-06 05:35,46.7797
2021-12-06 05:30,46.7797
2021-12-06 05:25,50.3714
2021-12-06 05:20,45.6545
2021-12-06 05:15,47.1404
2021-12-06 05:10,47.1404
2021-12-06 05:05,47.1404
2021-12-06 05:00,51.1380
2021-12-06 04:55,61.6578
2021-12-06 04:50,62.5773
2021-12-06 04:45,62.5773
2021-12-06 04:40,71.5999
2021-12-06 04:35,71.7960
2021-12-06 04:30,67.2075
2021-12-06 04:25,64.7896
2021-12-06 04:20,67.7587
2021-12-06 04:15,65.4623
2021-12-06 04:10,72.9932
2021-12-06 04:05,65.8932
2021-12-03 19:55,48.7841
2021-12-03 19:50,49.0036
2021-12-03 19:45,49.0036
2021-12-03 19:40,55.4576
2021-12-03 19:15,47.2927
2021-12-03 19:10,53.2565
2021-12-03 18:45,53.2565
2021-12-03 18:25,54.6835
2021-12-03 18:05,56.3183
2021-12-03 17:55,56.3183
2021-12-03 17:50,61.7782
2021-12-03 17:40,64.4369
2021-12-03 17:35,61.3476
2021-12-03 17:30,57.2747
2021-12-03 17:10,51.2163
2021-12-03 16:55,52.2589
2021-12-03 16:50,48.7730
2021-12-03 16:35,48.3841
2021-12-03 16:30,52.0530
2021-12-03 16:15,55.5749
2021-12-03 16:10,55.9656
2021-12-03 16:05,51.1860
2021-12-03 16:00,60.0651
2021-12-03 15:55,52.7070
2021-12-03 15:50,38.4623
2021-12-03 15:45,40.8465
2021-12-03 15:40,42.1610
2021-12-03 15:35,44.6227
2021-12-03 15:30,41.8647
2021-12-03 15:25,44.6158
2021-12-03 15:20,41.0166
2021-12-03 15:15,43.0581
2021-12-03 15:10,35.0017
2021-12-03 15:05,37.2407
2021-12-03 15:00,41.4338
2021-12-03 14:55,40.0717
2021-12-03 14:50,40.7762
2021-12-03 14:45,46.2501
2021-12-03 14:40,46.0180
2021-12-03 14:35,50.2479
2021-12-03 14:30,50.9730
2021-12-03 14:25,49.6229
2021-12-03 14:20,47.0097
2021-12-03 14:15,53.2836
2021-12-03 14:10,53.2836
2021-12-03 14:05,51.9429
2021-12-03 14:00,49.2375
2021-12-03 13:55,53.2381
2021-12-03 13:50,44.6071
2021-12-03 13:45,46.3637
2021-12-03 13:40,47.1018
2021-12-03 13:35,49.9748
2021-12-03 13:30,55.5501
2021-12-03 13:25,54.4842
2021-12-03 13:20,55.0084
2021-12-03 13:15,49.6899
2021-12-03 13:10,44.2608
2021-12-03 13:05,43.1357
2021-12-03 13:00,46.8364
2021-12-03 12:55,46.3474
2021-12-03 12:50,45.7293
2021-12-03 12:45,48.1772
2021-12-03 12:40,48.0413
2021-12-03 12:35,41.3242
2021-12-03 12:30,42.8567
2021-12-03 12:25,45.0740
2021-12-03 12:20,46.0700
2021-12-03 12:15,46.4939
2021-12-03 12:10,40.9423
2021-12-03 12:05,39.2133
2021-12-03 12:00,39.8801
2021-12-03 11:55,41.9530
2021-12-03 11:50,44.2601
2021-12-03 11:45,43.8341
2021-12-03 11:40,48.4190
2021-12-03 11:35,50.9628
2021-12-03 11:30,49.2988
2021-12-03 11:25,50.4590
2021-12-03 11:20,47.3934
2021-12-03 11:15,47.2250
2021-12-03 11:10,55.0881
2021-12-03 11:05,59.5995
2021-12-03 11:00,61.0819
2021-12-03 10:55,60.8407
2021-12-03 10:50,54.9419
2021-12-03 10:45,49.6825
2021-12-03 10:40,50.7338
2021-12-03 10:35,49.1188
2021-12-03 10:30,48.2944
2021-12-03 10:25,48.2944
2021-12-03 10:20,39.1798
2021-12-03 10:15,26.4214
2021-12-03 10:10,26.3065
2021-12-03 10:05,28.5850
2021-12-03 10:00,31.6898
2021-12-03 09:55,21.5313
2021-12-03 09:50,31.5674
2021-12-03 09:45,33.7829
2021-12-03 09:40,29.2309
2021-12-03 09:35,38.3835
2021-12-03 09:30,11.6877
2021-12-03 09:25,17.4144
2021-12-03 09:20,18.8762
2021-12-03 09:15,22.2340
2021-12-03 09:10,32.1787
2021-12-03 09:00,32.1787
2021-12-03 08:55,21.1714
2021-12-03 08:50,32.2967
2021-12-03 08:45,32.9669
2021-12-03 08:40,33.6147
2021-12-03 08:30,33.6147
2021-12-03 08:25,33.6147
2021-12-03 08:20,33.6147
2021-12-03 08:10,39.3655
2021-12-03 08:05,34.1338
2021-12-03 07:50,28.3969
2021-12-03 07:40,28.3969
2021-12-03 07:35,31.2095
2021-12-03 07:20,36.2042
2021-12-03 07:05,36.2042
2021-12-03 06:55,36.2042
2021-12-03 06:45,40.2117
2021-12-03 06:40,40.2117
2021-12-03 06:25,41.3390
2021-12-03 06:20,44.8408
2021-12-03 06:15,44.8408
2021-12-03 06:10,41.2658
2021-12-03 06:05,40.5502
2021-12-03 06:00,40.5502
2021-12-03 05:55,38.9468
2021-12-03 05:50,36.7284
2021-12-03 05:45,36.4220
2021-12-03 05:40,35.2573
2021-12-03 05:30,36.6604
2021-12-03 05:20,33.0887
2021-12-03 05:15,33.4935
2021-12-03 05:10,31.9476
2021-12-03 04:50,30.9542
2021-12-03 04:45,31.3796
2021-12-03 04:40,34.2177
2021-12-03 04:35,29.9164
2021-12-03 04:25,29.6917
2021-12-03 04:20,34.8839
2021-12-03 04:15,36.1763
2021-12-03 04:10,33.9025
2021-12-03 04:05,32.8934
2021-12-02 20:00,55.0613
2021-12-02 19:55,55.0613
2021-12-02 19:40,49.9399
2021-12-02 19:25,50.5822
2021-12-02 19:20,47.4437
2021-12-02 19:10,40.6803
2021-12-02 19:05,28.6213
2021-12-02 19:00,42.5210
2021-12-02 18:55,45.0989
2021-12-02 18:45,45.6703
2021-12-02 18:35,47.9255
2021-12-02 18:15,49.0501
2021-12-02 18:10,51.8758
2021-12-02 18:05,53.8940
2021-12-02 18:00,53.6548
2021-12-02 17:55,53.6548
2021-12-02 17:45,54.1391
2021-12-02 17:35,54.8284
2021-12-02 17:00,50.5402
2021-12-02 16:40,54.4687
2021-12-02 16:30,55.1319
2021-12-02 16:15,54.7911
2021-12-02 16:10,67.3845
2021-12-02 16:05,58.5347
2021-12-02 16:00,57.5251
2021-12-02 15:55,58.0501
2021-12-02 15:50,52.0575
2021-12-02 15:45,54.3805
2021-12-02 15:40,56.7312
2021-12-02 15:35,54.8223
2021-12-02 15:30,54.3549
2021-12-02 15:25,52.0514
2021-12-02 15:20,49.8912
2021-12-02 15:15,49.1513
2021-12-02 15:10,52.7690
2021-12-02 15:05,51.4415
2021-12-02 15:00,46.0759
2021-12-02 14:55,41.6600
2021-12-02 14:50,40.2463
2021-12-02 14:45,42.5004
2021-12-02 14:40,43.1118
2021-12-02 14:35,43.5645
2021-12-02 14:30,43.8700
2021-12-02 14:25,41.1088
2021-12-02 14:20,43.6570
2021-12-02 14:15,38.2481
2021-12-02 14:10,40.1931
2021-12-02 14:05,37.5548
2021-12-02 14:00,34.8877
2021-12-02 13:55,31.8675
2021-12-02 13:50,20.5164
2021-12-02 13:45,25.6892
2021-12-02 13:40,32.3366
2021-12-02 13:35,35.0249
2021-12-02 13:30,29.5893
2021-12-02 13:25,29.8922
2021-12-02 13:20,30.5702
2021-12-02 13:15,33.2732
2021-12-02 13:10,39.1690
2021-12-02 13:05,42.4879
2021-12-02 13:00,47.6380
2021-12-02 12:55,49.3069
2021-12-02 12:50,53.6180
2021-12-02 12:45,47.3888
2021-12-02 12:40,43.5684
2021-12-02 12:35,45.6756
2021-12-02 12:30,43.7317
2021-12-02 12:25,45.7855
2021-12-02 12:20,42.6353
2021-12-02 12:15,42.5441
2021-12-02 12:10,44.7919
2021-12-02 12:05,39.8442
2021-12-02 12:00,40.0782
2021-12-02 11:55,42.0869
2021-12-02 11:50,43.2368
2021-12-02 11:45,41.6073
2021-12-02 11:40,43.1767
2021-12-02 11:35,41.3271
2021-12-02 11:30,46.6543
2021-12-02 11:25,42.6861
2021-12-02 11:20,40.7437
2021-12-02 11:15,40.8355
2021-12-02 11:10,44.2615
2021-12-02 11:05,41.2950
2021-12-02 11:00,48.2500
2021-12-02 10:55,33.5530
2021-12-02 10:50,34.1905
2021-12-02 10:45,27.7234
2021-12-02 10:40,31.0339
2021-12-02 10:35,35.5451
2021-12-02 10:30,31.7639
2021-12-02 10:25,28.7796
2021-12-02 10:20,27.8023
2021-12-02 10:15,36.6838
2021-12-02 10:10,41.9944
2021-12-02 10:05,49.2721
2021-12-02 10:00,51.2168
2021-12-02 09:55,44.9747
2021-12-02 09:50,40.1620
2021-12-02 09:45,43.5372
2021-12-02 09:40,57.5433
2021-12-02 09:35,55.1933
2021-12-02 09:30,31.2139
2021-12-02 09:25,38.5897
2021-12-02 09:20,31.0222
2021-12-02 09:15,31.2607
2021-12-02 09:10,30.7665
2021-12-02 09:05,30.7665
2021-12-02 09:00,39.2913
2021-12-02 08:50,32.3266
2021-12-02 08:45,33.3414
2021-12-02 08:35,31.3400
2021-12-02 08:30,30.6195
2021-12-02 08:25,34.0711
2021-12-02 08:10,34.0711
2021-12-02 08:05,34.0670
2021-12-02 07:35,28.2150
2021-12-02 07:30,45.7234
2021-12-02 07:25,47.4043
2021-12-02 07:15,49.9627
2021-12-02 07:10,49.9627
2021-12-02 06:05,53.7119
2021-12-02 05:35,49.8274
2021-12-02 05:20,51.4305
2021-12-02 05:15,53.4256
2021-12-02 05:10,55.8393
2021-12-02 04:55,52.8738
2021-12-02 04:50,51.1826
2021-12-02 04:45,54.0651
2021-12-02 04:40,53.1463
2021-12-02 04:35,54.8441
2021-12-02 04:30,55.8379
2021-12-02 04:25,56.1529
2021-12-02 04:20,55.2146
2021-12-02 04:15,51.3477
2021-12-02 04:10,54.9257
2021-12-02 04:05,44.4119
2021-12-01 20:00,52.8459
2021-12-01 19:50,49.6766
2021-12-01 19:45,39.4783
2021-12-01 19:30,44.0874
2021-12-01 19:25,34.6397
2021-12-01 19:20,32.5222
2021-12-01 19:15,34.6042
2021-12-01 18:55,37.3819
2021-12-01 18:50,37.3819
2021-12-01 18:45,41.7125
2021-12-01 18:35,35.2072
2021-12-01 18:30,36.2815
2021-12-01 18:25,37.8920
2021-12-01 18:05,37.8920
2021-12-01 18:00,38.3816
2021-12-01 17:55,35.6803
2021-12-01 17:50,37.6509
2021-12-01 17:40,38.7551
2021-12-01 17:25,35.2273
2021-12-01 17:20,35.2273
2021-12-01 17:10,39.1125
2021-12-01 17:05,37.5126
2021-12-01 16:50,37.5126
2021-12-01 16:40,36.0641
2021-12-01 16:25,36.8575
2021-12-01 16:15,36.8575
2021-12-01 16:10,36.8575
2021-12-01 16:05,36.8575
2021-12-01 16:00,36.8575
2021-12-01 15:55,40.5527
2021-12-01 15:50,42.1213
2021-12-01 15:45,49.3604
2021-12-01 15:40,41.0018
2021-12-01 15:35,38.3972
2021-12-01 15:30,32.5187
2021-12-01 15:25,29.8368
2021-12-01 15:20,33.6147
2021-12-01 15:15,37.3508
2021-12-01 15:10,36.8938
2021-12-01 15:05,39.0078
2021-12-01 15:00,44.9926
2021-12-01 14:55,46.8272
2021-12-01 14:50,54.7410
2021-12-01 14:45,46.5534
2021-12-01 14:40,51.3968
2021-12-01 14:35,47.1815
2021-12-01 14:30,44.8436
2021-12-01 14:25,44.6160
2021-12-01 14:20,39.1347
2021-12-01 14:15,42.3654
2021-12-01 14:10,44.8327
2021-12-01 14:05,43.9669
2021-12-01 14:00,49.1611
2021-12-01 13:55,44.8873
2021-12-01 13:50,35.9910
2021-12-01 13:45,43.0650
2021-12-01 13:40,44.2772
2021-12-01 13:35,44.4709
2021-12-01 13:30,44.8352
2021-12-01 13:25,40.2935
2021-12-01 13:20,34.8116
2021-12-01 13:15,35.6403
2021-12-01 13:10,40.0689
2021-12-01 13:05,35.4780
2021-12-01 13:00,31.3890
2021-12-01 12:55,30.3310
2021-12-01 12:50,33.8445
2021-12-01 12:45,34.7466
2021-12-01 12:40,36.0203
2021-12-01 12:35,37.9583
2021-12-01 12:30,31.5772
2021-12-01 12:25,35.1767
2021-12-01 12:20,36.8678
2021-12-01 12:15,35.0845
2021-12-01 12:10,29.9145
2021-12-01 12:05,27.9002
2021-12-01 12:00,27.6412
2021-12-01 11:55,31.3717
2021-12-01 11:50,35.6290
2021-12-01 11:45,37.4574
2021-12-01 11:40,39.9617
2021-12-01 11:35,35.4989
2021-12-01 11:30,38.1308
2021-12-01 11:25,39.5158
2021-12-01 11:20,43.4114
2021-12-01 11:15,40.2934
2021-12-01 11:10,38.8204
2021-12-01 11:05,37.7508
2021-12-01 11:00,40.4895
2021-12-01 10:55,44.2450
2021-12-01 10:50,45.0455
2021-12-01 10:45,44.3988
2021-12-01 10:40,36.4511
2021-12-01 10:35,39.9520
2021-12-01 10:30,35.7379
2021-12-01 10:25,38.6201
2021-12-01 10:20,39.4845
2021-12-01 10:15,47.6485
2021-12-01 10:10,53.2825
2021-12-01 10:05,43.7799
2021-12-01 10:00,44.7184
2021-12-01 09:55,35.6542
2021-12-01 09:50,34.1280
2021-12-01 09:45,19.8866
2021-12-01 09:40,30.5943
2021-12-01 09:35,41.0000
2021-12-01 09:30,39.8604
2021-12-01 09:25,51.5782
2021-12-01 08:55,48.2312
2021-12-01 08:45,43.8245
2021-12-01 08:35,52.5016
2021-12-01 08:30,52.5016
2021-12-01 08:25,52.5016
2021-12-01 08:15,45.7741
2021-12-01 08:05,43.7179
2021-12-01 07:25,43.7179
2021-12-01 07:15,46.4516
