time,RSI
2021-04-01 19:55,57.2225
2021-04-01 19:45,57.2225
2021-04-01 19:40,59.5659
2021-04-01 19:10,53.3582
2021-04-01 19:00,53.3582
2021-04-01 18:55,61.4994
2021-04-01 18:00,61.4994
2021-04-01 17:50,61.4994
2021-04-01 17:35,59.3723
2021-04-01 17:20,56.3893
2021-04-01 17:10,56.3893
2021-04-01 16:45,56.3893
2021-04-01 16:40,62.8557
2021-04-01 16:35,58.4291
2021-04-01 16:25,63.4440
2021-04-01 16:20,63.4440
2021-04-01 16:15,65.3794
2021-04-01 16:10,67.2853
2021-04-01 16:05,66.3751
2021-04-01 16:00,66.3751
2021-04-01 15:55,62.0506
2021-04-01 15:50,58.1003
2021-04-01 15:45,55.5207
2021-04-01 15:40,64.0668
2021-04-01 15:35,53.6581
2021-04-01 15:30,51.6974
2021-04-01 15:25,43.1704
2021-04-01 15:20,46.3674
2021-04-01 15:15,47.1784
2021-04-01 15:10,44.9428
2021-04-01 15:05,46.7813
2021-04-01 15:00,48.6286
2021-04-01 14:55,45.8488
2021-04-01 14:50,49.7793
2021-04-01 14:45,53.6627
2021-04-01 14:40,53.6627
2021-04-01 14:35,51.7139
2021-04-01 14:30,45.3061
2021-04-01 14:25,46.5816
2021-04-01 14:20,44.4013
2021-04-01 14:15,46.4554
2021-04-01 14:10,53.3281
2021-04-01 14:05,53.3351
2021-04-01 14:00,49.3269
2021-04-01 13:55,52.8909
2021-04-01 13:50,53.5441
2021-04-01 13:45,51.3108
2021-04-01 13:40,49.3317
2021-04-01 13:35,50.9527
2021-04-01 13:30,45.6396
2021-04-01 13:25,50.4750
2021-04-01 13:20,52.1863
2021-04-01 13:15,54.4730
2021-04-01 13:10,52.0335
2021-04-01 13:05,46.7385
2021-04-01 13:00,43.8522
2021-04-01 12:55,47.4247
2021-04-01 12:50,48.6565
2021-04-01 12:45,48.6516
2021-04-01 12:40,51.8932
2021-04-01 12:35,53.7950
2021-04-01 12:30,52.5848
2021-04-01 12:25,55.1419
2021-04-01 12:20,53.4058
2021-04-01 12:15,52.3166
2021-04-01 12:10,48.1934
2021-04-01 12:05,49.6429
2021-04-01 12:00,49.2888
2021-04-01 11:55,52.3658
2021-04-01 11:50,46.3146
2021-04-01 11:45,48.7806
2021-04-01 11:40,51.1406
2021-04-01 11:35,45.3737
2021-04-01 11:30,42.4803
2021-04-01 11:25,40.9413
2021-04-01 11:20,39.4367
2021-04-01 11:15,37.9692
2021-04-01 11:10,37.9692
2021-04-01 11:05,44.7471
2021-04-01 11:00,41.6099
2021-04-01 10:55,42.4188
2021-04-01 10:50,47.7677
2021-04-01 10:45,45.4698
2021-04-01 10:40,41.8720
2021-04-01 10:35,44.9877
2021-04-01 10:30,47.5131
2021-04-01 10:25,50.1259
2021-04-01 10:20,45.6886
2021-04-01 10:15,45.1219
2021-04-01 10:10,34.6787
2021-04-01 10:05,33.6123
2021-04-01 10:00,34.2845
2021-04-01 09:55,37.2475
2021-04-01 09:50,26.8243
2021-04-01 09:45,33.6727
2021-04-01 09:40,36.3534
2021-04-01 09:35,48.9016
2021-04-01 09:30,32.3914
2021-04-01 09:25,47.5490
2021-04-01 09:20,48.7963
2021-04-01 09:15,48.7963
2021-04-01 09:10,48.7963
2021-04-01 09:05,49.3141
2021-04-01 09:00,52.4131
2021-04-01 08:55,51.4691
2021-04-01 08:50,49.6129
2021-04-01 08:45,50.0573
2021-04-01 08:40,51.7804
2021-04-01 08:30,49.7737
2021-04-01 08:10,49.3825
2021-04-01 08:05,55.7126
2021-04-01 07:55,51.4007
2021-04-01 07:50,50.6385
2021-04-01 07:40,57.7924
2021-04-01 07:05,47.7037
2021-04-01 07:00,51.8464
2021-04-01 06:45,52.3151
2021-04-01 06:30,47.9450
2021-04-01 06:25,47.9450
2021-04-01 06:05,47.9450
2021-04-01 06:00,47.9450
2021-04-01 05:30,51.4506
2021-04-01 05:00,49.3889
2021-04-01 04:40,49.3889
2021-04-01 04:20,49.3889
2021-04-01 04:10,29.9333
2021-03-31 20:00,47.6285
2021-03-31 19:55,55.3770
2021-03-31 19:45,54.3152
2021-03-31 19:40,50.4863
2021-03-31 19:25,53.4580
2021-03-31 18:55,50.7671
2021-03-31 18:50,48.5576
2021-03-31 17:00,46.8980
2021-03-31 16:55,49.8870
2021-03-31 16:50,46.7347
2021-03-31 16:20,42.2359
2021-03-31 16:15,42.2359
2021-03-31 16:10,48.4048
2021-03-31 16:05,45.7784
2021-03-31 16:00,46.2153
2021-03-31 15:55,47.9138
2021-03-31 15:50,53.8906
2021-03-31 15:45,58.3065
2021-03-31 15:40,53.9811
2021-03-31 15:35,65.3776
2021-03-31 15:30,60.0142
2021-03-31 15:25,58.6413
2021-03-31 15:20,57.5124
2021-03-31 15:15,57.8054
2021-03-31 15:10,56.7832
2021-03-31 15:05,54.5329
2021-03-31 15:00,52.0012
2021-03-31 14:55,55.3394
2021-03-31 14:50,57.8005
2021-03-31 14:45,55.6003
2021-03-31 14:40,47.5608
2021-03-31 14:35,47.9854
2021-03-31 14:30,43.7914
2021-03-31 14:25,39.7838
2021-03-31 14:20,33.7531
2021-03-31 14:15,36.8702
2021-03-31 14:10,41.4962
2021-03-31 14:05,49.1050
2021-03-31 14:00,47.9308
2021-03-31 13:55,46.1681
2021-03-31 13:50,50.9751
2021-03-31 13:45,46.0032
2021-03-31 13:40,50.2633
2021-03-31 13:35,54.9920
2021-03-31 13:30,44.8144
2021-03-31 13:25,46.3512
2021-03-31 13:20,48.9488
2021-03-31 13:15,47.8635
2021-03-31 13:10,49.3240
2021-03-31 13:05,48.4773
2021-03-31 13:00,48.7993
2021-03-31 12:55,45.3853
2021-03-31 12:50,42.2885
2021-03-31 12:45,40.8511
2021-03-31 12:40,39.9249
2021-03-31 12:35,40.8151
2021-03-31 12:30,35.9526
2021-03-31 12:25,36.7165
2021-03-31 12:20,39.8626
2021-03-31 12:15,41.3713
2021-03-31 12:10,42.8782
2021-03-31 12:05,40.3087
2021-03-31 12:00,34.6548
2021-03-31 11:55,37.9967
2021-03-31 11:50,40.7525
2021-03-31 11:45,36.6831
2021-03-31 11:40,35.7020
2021-03-31 11:35,33.0029
2021-03-31 11:30,37.1390
2021-03-31 11:25,44.9931
2021-03-31 11:20,44.9931
2021-03-31 11:15,43.2690
2021-03-31 11:10,44.7001
2021-03-31 11:05,42.2829
2021-03-31 11:00,43.4589
2021-03-31 10:55,34.0986
2021-03-31 10:50,31.6138
2021-03-31 10:45,34.8004
2021-03-31 10:40,39.1067
2021-03-31 10:35,39.7925
2021-03-31 10:30,40.0097
2021-03-31 10:25,37.3090
2021-03-31 10:20,31.5895
2021-03-31 10:15,28.1899
2021-03-31 10:10,35.4148
2021-03-31 10:05,36.2361
2021-03-31 10:00,43.4951
2021-03-31 09:55,48.4360
2021-03-31 09:50,54.5259
2021-03-31 09:45,56.1652
2021-03-31 09:40,78.5941
2021-03-31 09:35,66.6199
2021-03-31 09:30,67.4067
2021-03-31 09:25,61.4947
2021-03-31 09:20,60.5454
2021-03-31 09:15,61.2465
2021-03-31 09:10,60.8253
2021-03-31 09:05,60.8253
2021-03-31 09:00,61.4007
2021-03-31 08:55,62.4988
2021-03-31 08:50,61.5408
2021-03-31 08:45,61.5408
2021-03-31 08:40,61.5408
2021-03-31 08:35,56.4989
2021-03-31 08:30,58.1649
2021-03-31 08:25,53.3778
2021-03-31 08:20,54.5367
2021-03-31 08:15,52.6265
2021-03-31 08:10,52.3164
2021-03-31 08:05,48.2256
2021-03-31 08:00,52.3999
2021-03-31 07:50,49.2630
2021-03-31 07:35,48.9506
2021-03-31 07:20,48.3602
2021-03-31 07:10,49.6945
2021-03-31 07:05,50.2091
2021-03-31 06:25,49.7257
2021-03-31 06:00,52.0729
2021-03-31 05:55,56.5331
2021-03-31 04:55,47.7619
2021-03-31 04:35,55.7314
2021-03-31 04:30,59.2112
2021-03-31 04:15,59.2112
2021-03-31 04:05,44.9245
2021-03-30 20:00,61.5414
2021-03-30 19:50,75.7288
2021-03-30 19:45,70.7763
2021-03-30 19:25,65.2282
2021-03-30 19:05,63.2009
2021-03-30 18:50,73.5543
2021-03-30 18:45,68.8098
2021-03-30 18:25,61.3876
2021-03-30 18:15,66.2687
2021-03-30 17:50,71.5515
2021-03-30 17:45,67.7294
2021-03-30 17:40,66.6905
2021-03-30 17:35,58.6575
2021-03-30 17:25,75.5836
2021-03-30 17:20,75.0697
2021-03-30 16:50,74.5728
2021-03-30 16:35,72.5399
2021-03-30 16:30,70.3379
2021-03-30 16:25,70.3379
2021-03-30 16:20,70.3379
2021-03-30 16:15,70.3379
2021-03-30 16:10,70.3379
2021-03-30 16:05,69.9216
2021-03-30 16:00,69.5244
2021-03-30 15:55,72.1794
2021-03-30 15:50,70.0557
2021-03-30 15:45,69.5155
2021-03-30 15:40,66.7288
2021-03-30 15:35,65.9583
2021-03-30 15:30,63.1873
2021-03-30 15:25,62.7855
2021-03-30 15:20,59.9435
2021-03-30 15:15,57.1199
2021-03-30 15:10,51.5037
2021-03-30 15:05,47.0215
2021-03-30 15:00,52.0466
2021-03-30 14:55,48.6494
2021-03-30 14:50,42.3262
2021-03-30 14:45,42.3262
2021-03-30 14:40,41.7073
2021-03-30 14:35,45.0762
2021-03-30 14:30,44.2397
2021-03-30 14:25,41.8266
2021-03-30 14:20,45.3021
2021-03-30 14:15,48.8951
2021-03-30 14:10,44.2728
2021-03-30 14:05,42.6751
2021-03-30 14:00,39.4398
2021-03-30 13:55,45.1592
2021-03-30 13:50,41.0536
2021-03-30 13:45,45.7145
2021-03-30 13:40,53.3838
2021-03-30 13:35,52.8992
2021-03-30 13:30,56.7742
2021-03-30 13:25,59.0702
2021-03-30 13:20,54.8296
2021-03-30 13:15,57.6003
2021-03-30 13:10,57.6003
2021-03-30 13:05,64.3273
2021-03-30 13:00,68.6714
2021-03-30 12:55,64.4700
2021-03-30 12:50,63.8563
2021-03-30 12:45,63.0327
2021-03-30 12:40,60.8842
2021-03-30 12:35,57.3325
2021-03-30 12:30,57.8195
2021-03-30 12:25,54.9786
2021-03-30 12:20,56.7533
2021-03-30 12:15,58.0585
2021-03-30 12:10,60.6487
2021-03-30 12:05,61.0704
2021-03-30 12:00,55.6275
2021-03-30 11:55,58.4219
2021-03-30 11:50,59.2070
2021-03-30 11:45,60.9302
2021-03-30 11:40,58.3069
2021-03-30 11:35,57.4916
2021-03-30 11:30,54.7520
2021-03-30 11:25,60.8368
2021-03-30 11:20,63.0040
2021-03-30 11:15,64.0636
2021-03-30 11:10,61.0200
2021-03-30 11:05,52.2590
2021-03-30 11:00,48.5797
2021-03-30 10:55,47.9590
2021-03-30 10:50,52.0424
2021-03-30 10:45,54.1844
2021-03-30 10:40,54.7826
2021-03-30 10:35,54.7826
2021-03-30 10:30,50.8018
2021-03-30 10:25,46.4219
2021-03-30 10:20,48.5465
2021-03-30 10:15,54.4615
2021-03-30 10:10,56.9813
2021-03-30 10:05,52.0576
2021-03-30 10:00,48.8985
2021-03-30 09:55,40.1026
2021-03-30 09:50,38.4634
2021-03-30 09:45,42.5747
2021-03-30 09:40,56.0416
2021-03-30 09:35,65.6886
2021-03-30 09:25,43.8268
2021-03-30 09:20,46.2711
2021-03-30 09:15,40.7477
2021-03-30 09:10,38.1225
2021-03-30 09:05,39.7582
2021-03-30 09:00,43.2006
2021-03-30 08:55,44.5435
2021-03-30 08:50,42.9008
2021-03-30 08:45,42.8955
2021-03-30 08:35,44.4132
2021-03-30 08:30,45.9219
2021-03-30 08:20,44.6116
2021-03-30 08:15,45.9913
2021-03-30 08:10,45.9913
2021-03-30 08:05,47.5773
2021-03-30 07:35,47.5773
2021-03-30 07:25,45.9708
2021-03-30 07:20,47.0417
2021-03-30 07:15,56.5161
2021-03-30 07:10,49.1542
2021-03-30 05:50,69.6991
2021-03-29 20:00,53.7398
2021-03-29 19:55,53.7398
2021-03-29 19:50,53.7398
2021-03-29 18:55,46.3929
2021-03-29 18:50,45.1484
2021-03-29 18:40,47.1826
2021-03-29 18:35,47.1826
2021-03-29 18:15,46.1416
2021-03-29 18:00,52.4016
2021-03-29 17:10,49.4608
2021-03-29 16:55,49.9383
2021-03-29 16:45,44.4617
2021-03-29 16:40,47.0698
2021-03-29 16:35,44.0207
2021-03-29 16:30,46.5085
2021-03-29 16:20,40.2359
2021-03-29 16:05,42.5526
2021-03-29 16:00,42.0361
2021-03-29 15:55,42.9322
2021-03-29 15:50,43.4482
2021-03-29 15:45,43.7772
2021-03-29 15:40,48.8777
2021-03-29 15:35,49.5210
2021-03-29 15:30,59.0185
2021-03-29 15:25,57.5842
2021-03-29 15:20,56.6449
2021-03-29 15:15,59.0744
2021-03-29 15:10,60.4795
2021-03-29 15:05,53.5986
2021-03-29 15:00,41.0200
2021-03-29 14:55,46.2812
2021-03-29 14:50,47.4933
2021-03-29 14:45,44.8090
2021-03-29 14:40,45.5294
2021-03-29 14:35,44.7038
2021-03-29 14:30,45.6679
2021-03-29 14:25,48.9344
2021-03-29 14:20,47.8962
2021-03-29 14:15,52.5235
2021-03-29 14:10,48.9268
2021-03-29 14:05,43.4983
2021-03-29 14:00,42.6690
2021-03-29 13:55,42.7246
2021-03-29 13:50,43.7271
2021-03-29 13:45,40.4715
2021-03-29 13:40,43.3879
2021-03-29 13:35,50.5604
2021-03-29 13:30,41.1522
2021-03-29 13:25,45.0771
2021-03-29 13:20,44.8292
2021-03-29 13:15,46.6336
2021-03-29 13:10,48.4294
2021-03-29 13:05,49.8423
2021-03-29 13:00,48.1575
2021-03-29 12:55,47.8871
2021-03-29 12:50,41.3531
2021-03-29 12:45,49.0413
2021-03-29 12:40,45.0699
2021-03-29 12:35,44.4500
2021-03-29 12:30,42.6471
2021-03-29 12:25,33.5786
2021-03-29 12:20,34.2597
2021-03-29 12:15,36.6011
2021-03-29 12:10,38.9756
2021-03-29 12:05,43.3257
2021-03-29 12:00,40.8746
2021-03-29 11:55,41.7122
2021-03-29 11:50,36.9106
2021-03-29 11:45,37.9073
2021-03-29 11:40,38.5685
2021-03-29 11:35,48.4136
2021-03-29 11:30,47.7658
2021-03-29 11:25,45.4481
2021-03-29 11:20,40.8443
2021-03-29 11:15,35.1658
2021-03-29 11:10,38.8070
2021-03-29 11:05,42.4831
2021-03-29 11:00,46.5804
2021-03-29 10:55,42.2722
2021-03-29 10:50,43.1336
2021-03-29 10:45,44.6108
2021-03-29 10:40,43.5856
2021-03-29 10:35,41.5775
2021-03-29 10:30,52.4032
2021-03-29 10:25,56.0630
2021-03-29 10:20,61.8573
2021-03-29 10:15,60.2817
2021-03-29 10:10,62.9979
2021-03-29 10:05,78.6075
2021-03-29 10:00,77.3546
2021-03-29 09:55,75.8073
2021-03-29 09:50,69.9205
2021-03-29 09:45,66.7144
2021-03-29 09:40,50.9163
2021-03-29 09:35,48.7442
2021-03-29 09:30,35.4901
2021-03-29 09:25,49.1917
2021-03-29 09:20,44.3787
2021-03-29 09:15,36.3846
2021-03-29 09:10,35.5241
2021-03-29 09:05,35.9760
2021-03-29 09:00,42.5020
2021-03-29 08:55,44.2209
2021-03-29 08:50,45.9464
2021-03-29 08:45,46.5082
2021-03-29 08:40,39.6581
2021-03-29 08:35,45.0103
2021-03-29 08:30,49.3384
2021-03-29 08:25,46.6146
2021-03-29 08:20,48.4279
2021-03-29 08:10,43.6811
2021-03-29 08:05,45.3419
2021-03-29 08:00,44.0244
2021-03-29 07:55,46.6339
2021-03-29 07:50,49.3502
2021-03-29 07:45,49.3502
2021-03-29 07:40,48.3118
2021-03-29 07:05,48.3118
2021-03-29 06:50,45.4172
2021-03-29 06:15,43.4571
2021-03-29 06:05,43.4571
2021-03-29 05:45,43.4571
2021-03-29 04:35,56.4396
2021-03-29 04:20,56.4396
2021-03-29 04:15,55.3616
2021-03-26 20:00,50.8433
2021-03-26 19:55,60.8525
2021-03-26 19:50,57.9222
2021-03-26 19:45,57.5534
2021-03-26 19:25,58.9937
2021-03-26 19:20,72.4654
2021-03-26 19:15,65.0556
2021-03-26 19:05,63.1364
2021-03-26 19:00,56.4781
2021-03-26 18:45,59.8297
2021-03-26 18:35,64.8125
2021-03-26 18:25,53.4925
2021-03-26 18:20,53.4925
2021-03-26 18:15,57.0918
2021-03-26 18:10,65.2353
2021-03-26 18:05,64.2932
2021-03-26 17:55,58.5242
2021-03-26 17:50,58.5242
2021-03-26 17:45,58.5242
2021-03-26 17:40,58.5242
2021-03-26 17:30,62.6275
2021-03-26 17:15,65.4691
2021-03-26 17:10,71.4934
2021-03-26 16:55,73.0539
2021-03-26 16:50,72.4964
2021-03-26 16:45,72.4964
2021-03-26 16:40,69.2000
2021-03-26 16:30,70.5079
2021-03-26 16:25,70.5079
2021-03-26 16:20,70.5079
2021-03-26 16:15,69.8229
2021-03-26 16:10,67.7354
2021-03-26 16:05,72.9413
2021-03-26 16:00,73.4656
2021-03-26 15:55,69.4953
2021-03-26 15:50,69.7438
2021-03-26 15:45,68.0465
2021-03-26 15:40,65.0940
2021-03-26 15:35,65.3054
2021-03-26 15:30,68.0261
2021-03-26 15:25,65.1198
2021-03-26 15:20,64.2578
2021-03-26 15:15,60.8927
2021-03-26 15:10,56.5918
2021-03-26 15:05,57.6304
2021-03-26 15:00,58.1256
2021-03-26 14:55,54.3597
2021-03-26 14:50,42.6115
2021-03-26 14:45,50.1944
2021-03-26 14:40,48.7857
2021-03-26 14:35,48.7857
2021-03-26 14:30,44.1922
2021-03-26 14:25,42.5476
2021-03-26 14:20,29.5114
2021-03-26 14:15,34.7671
2021-03-26 14:10,35.5510
2021-03-26 14:05,40.9856
2021-03-26 14:00,44.2912
2021-03-26 13:55,42.1262
2021-03-26 13:50,39.5011
2021-03-26 13:45,45.2142
2021-03-26 13:40,45.5541
2021-03-26 13:35,47.8944
2021-03-26 13:30,44.4898
2021-03-26 13:25,45.5649
2021-03-26 13:20,49.5346
2021-03-26 13:15,50.8510
2021-03-26 13:10,53.4910
2021-03-26 13:05,53.6527
2021-03-26 13:00,50.1618
2021-03-26 12:55,57.2051
2021-03-26 12:50,56.3000
2021-03-26 12:45,62.4499
2021-03-26 12:40,61.0970
2021-03-26 12:35,65.0893
2021-03-26 12:30,61.9745
2021-03-26 12:25,60.6234
2021-03-26 12:20,62.9888
2021-03-26 12:15,59.4181
2021-03-26 12:10,55.4248
2021-03-26 12:05,52.8928
2021-03-26 12:00,57.4370
2021-03-26 11:55,52.3708
2021-03-26 11:50,54.1669
2021-03-26 11:45,55.3418
2021-03-26 11:40,59.8633
2021-03-26 11:35,65.5637
2021-03-26 11:30,56.5896
2021-03-26 11:25,54.9626
2021-03-26 11:20,53.1980
2021-03-26 11:15,55.2097
2021-03-26 11:10,63.4157
2021-03-26 11:05,64.5295
2021-03-26 11:00,64.1396
2021-03-26 10:55,62.8111
2021-03-26 10:50,63.4346
2021-03-26 10:45,72.0701
2021-03-26 10:40,69.7938
2021-03-26 10:35,82.0059
2021-03-26 10:30,85.8952
2021-03-26 10:25,85.3258
2021-03-26 10:20,86.6222
2021-03-26 10:15,85.6032
2021-03-26 10:10,83.2312
2021-03-26 10:05,78.7982
2021-03-26 10:00,80.9800
2021-03-26 09:55,79.3903
2021-03-26 09:50,81.3403
2021-03-26 09:45,75.2178
2021-03-26 09:40,64.9637
2021-03-26 09:35,65.1889
2021-03-26 09:30,60.6426
2021-03-26 09:25,56.4976
2021-03-26 09:20,59.1259
2021-03-26 09:15,59.1223
2021-03-26 09:10,58.7951
2021-03-26 09:00,54.7141
2021-03-26 08:55,58.2878
2021-03-26 08:50,61.5495
2021-03-26 08:45,55.6136
2021-03-26 08:40,56.5142
2021-03-26 08:35,54.8155
2021-03-26 08:25,55.2161
2021-03-26 08:15,55.9758
2021-03-26 08:05,55.9758
2021-03-26 07:50,55.7131
2021-03-26 07:30,55.4663
2021-03-26 07:25,58.1751
2021-03-26 07:20,56.4183
2021-03-26 07:05,60.5511
2021-03-26 05:55,72.5330
2021-03-26 05:45,66.3499
2021-03-26 05:15,73.5886
2021-03-26 05:10,75.0135
2021-03-26 04:45,64.6250
2021-03-25 19:40,60.5883
2021-03-25 19:30,60.5883
2021-03-25 19:15,54.3721
2021-03-25 18:55,50.7668
2021-03-25 18:30,54.7866
2021-03-25 17:25,50.7642
2021-03-25 17:15,59.0580
2021-03-25 17:10,64.8448
2021-03-25 17:05,59.7130
2021-03-25 17:00,56.7841
2021-03-25 16:50,60.8950
2021-03-25 16:40,56.2761
2021-03-25 16:30,63.2088
2021-03-25 16:10,60.3203
2021-03-25 16:05,60.3203
2021-03-25 16:00,60.3203
2021-03-25 15:55,56.8316
2021-03-25 15:50,60.6851
2021-03-25 15:45,60.3283
2021-03-25 15:40,61.8932
2021-03-25 15:35,60.2994
2021-03-25 15:30,61.7380
2021-03-25 15:25,60.5734
2021-03-25 15:20,61.0044
2021-03-25 15:15,57.8276
2021-03-25 15:10,52.2511
2021-03-25 15:05,51.9156
2021-03-25 15:00,59.2611
2021-03-25 14:55,60.5165
2021-03-25 14:50,60.1638
2021-03-25 14:45,59.5046
2021-03-25 14:40,57.2723
2021-03-25 14:35,49.1931
2021-03-25 14:30,48.2187
2021-03-25 14:25,58.2464
2021-03-25 14:20,59.4337
2021-03-25 14:15,54.5598
2021-03-25 14:10,51.0244
2021-03-25 14:05,46.8341
2021-03-25 14:00,47.9354
2021-03-25 13:55,57.5408
2021-03-25 13:50,55.9978
2021-03-25 13:45,63.2556
2021-03-25 13:40,56.2716
2021-03-25 13:35,53.1801
2021-03-25 13:30,54.4507
2021-03-25 13:25,59.6274
2021-03-25 13:20,60.6583
2021-03-25 13:15,60.6583
2021-03-25 13:10,63.1621
2021-03-25 13:05,63.3601
2021-03-25 13:00,72.1462
2021-03-25 12:55,76.4691
2021-03-25 12:50,77.4264
2021-03-25 12:45,75.0319
2021-03-25 12:40,73.0185
2021-03-25 12:35,72.3561
2021-03-25 12:30,71.0356
2021-03-25 12:25,69.8660
2021-03-25 12:20,68.1605
2021-03-25 12:15,61.4801
2021-03-25 12:10,65.3376
2021-03-25 12:05,63.1931
2021-03-25 12:00,65.0619
2021-03-25 11:55,59.7575
2021-03-25 11:50,55.2930
2021-03-25 11:45,53.8961
2021-03-25 11:40,54.5289
2021-03-25 11:35,59.0345
2021-03-25 11:30,56.7846
2021-03-25 11:25,52.8622
2021-03-25 11:20,51.9584
2021-03-25 11:15,47.3410
2021-03-25 11:10,38.8544
2021-03-25 11:05,36.7099
2021-03-25 11:00,39.4945
2021-03-25 10:55,33.3548
2021-03-25 10:50,35.7329
2021-03-25 10:45,43.6864
2021-03-25 10:40,47.8852
2021-03-25 10:35,52.9482
2021-03-25 10:30,55.4906
2021-03-25 10:25,52.4627
2021-03-25 10:20,48.9128
2021-03-25 10:15,55.9692
2021-03-25 10:10,55.6723
2021-03-25 10:05,56.3783
2021-03-25 10:00,46.2511
2021-03-25 09:55,42.3686
2021-03-25 09:50,53.0419
2021-03-25 09:45,52.6729
2021-03-25 09:40,49.1675
2021-03-25 09:35,46.6230
2021-03-25 09:30,37.7943
2021-03-25 09:25,40.6004
2021-03-25 09:20,43.6067
2021-03-25 09:15,42.7317
2021-03-25 09:10,41.8945
2021-03-25 09:05,36.7422
2021-03-25 09:00,33.5506
2021-03-25 08:55,33.7767
2021-03-25 08:50,34.2047
2021-03-25 08:45,23.3868
2021-03-25 08:40,28.0214
2021-03-25 08:35,32.9133
2021-03-25 08:30,31.8613
2021-03-25 08:25,27.0836
2021-03-25 08:15,23.7750
2021-03-25 08:10,26.7000
2021-03-25 08:05,29.1297
2021-03-25 08:00,31.9790
2021-03-25 07:55,29.8571
2021-03-25 07:50,42.4653
2021-03-25 07:40,41.9097
2021-03-25 07:30,41.9097
2021-03-25 07:25,42.2616
2021-03-25 07:20,49.6103
2021-03-25 07:05,49.6103
2021-03-25 06:30,49.6103
2021-03-25 05:35,46.0526
2021-03-25 04:45,41.3532
2021-03-24 20:00,53.5634
2021-03-24 19:40,53.1490
2021-03-24 19:20,53.1490
2021-03-24 19:00,53.1490
2021-03-24 18:55,47.5255
2021-03-24 18:35,47.5255
2021-03-24 18:30,47.5255
2021-03-24 18:25,52.9537
2021-03-24 18:15,49.2535
2021-03-24 18:10,44.4597
2021-03-24 18:05,48.7346
2021-03-24 18:00,48.7346
2021-03-24 17:45,47.3926
2021-03-24 17:30,38.4100
2021-03-24 17:15,38.0004
2021-03-24 17:00,45.2686
2021-03-24 16:45,45.2686
2021-03-24 16:25,45.2686
2021-03-24 16:20,39.5741
2021-03-24 16:15,43.8063
2021-03-24 16:10,49.6628
2021-03-24 16:05,34.7388
2021-03-24 16:00,31.7877
2021-03-24 15:55,32.0323
2021-03-24 15:50,32.9745
2021-03-24 15:45,29.6100
2021-03-24 15:40,25.9046
2021-03-24 15:35,28.3011
2021-03-24 15:30,32.8571
2021-03-24 15:25,34.0698
2021-03-24 15:20,37.4870
2021-03-24 15:15,36.4591
2021-03-24 15:10,31.4821
2021-03-24 15:05,33.3587
2021-03-24 15:00,31.3470
2021-03-24 14:55,32.4590
2021-03-24 14:50,39.8597
2021-03-24 14:45,32.2220
2021-03-24 14:40,35.5785
2021-03-24 14:35,38.6362
2021-03-24 14:30,42.5680
2021-03-24 14:25,45.4912
2021-03-24 14:20,47.2640
2021-03-24 14:15,46.8795
2021-03-24 14:10,49.9210
2021-03-24 14:05,52.5596
2021-03-24 14:00,54.8946
2021-03-24 13:55,53.1090
2021-03-24 13:50,53.4364
2021-03-24 13:45,48.3514
2021-03-24 13:40,56.7885
2021-03-24 13:35,54.8674
2021-03-24 13:30,52.2374
2021-03-24 13:25,50.2402
2021-03-24 13:20,45.3835
2021-03-24 13:15,44.7154
2021-03-24 13:10,49.1846
2021-03-24 13:05,43.8064
2021-03-24 13:00,48.5808
2021-03-24 12:55,48.2635
2021-03-24 12:50,49.1049
2021-03-24 12:45,55.0711
2021-03-24 12:40,52.3865
2021-03-24 12:35,47.4279
2021-03-24 12:30,60.5074
2021-03-24 12:25,61.9690
2021-03-24 12:20,61.3497
2021-03-24 12:15,58.8618
2021-03-24 12:10,57.0653
2021-03-24 12:05,54.2847
2021-03-24 12:00,48.2032
2021-03-24 11:55,46.2603
2021-03-24 11:50,49.7242
2021-03-24 11:45,47.9134
2021-03-24 11:40,51.3481
2021-03-24 11:35,50.8023
2021-03-24 11:30,51.0683
2021-03-24 11:25,50.0978
2021-03-24 11:20,49.3989
2021-03-24 11:15,53.7061
2021-03-24 11:10,54.0610
2021-03-24 11:05,56.3668
2021-03-24 11:00,61.7469
2021-03-24 10:55,63.8032
2021-03-24 10:50,63.3298
2021-03-24 10:45,65.0664
2021-03-24 10:40,64.2630
2021-03-24 10:35,60.1207
2021-03-24 10:30,62.0269
2021-03-24 10:25,63.3470
2021-03-24 10:20,57.3428
2021-03-24 10:15,67.7990
2021-03-24 10:10,64.3926
2021-03-24 10:05,62.4017
2021-03-24 10:00,62.1210
2021-03-24 09:55,58.2092
2021-03-24 09:50,69.8727
2021-03-24 09:45,78.5832
2021-03-24 09:40,76.0039
2021-03-24 09:35,68.3900
2021-03-24 09:30,84.3704
2021-03-24 09:25,61.8180
2021-03-24 09:20,55.7711
2021-03-24 09:15,55.7711
2021-03-24 09:10,48.7761
2021-03-24 09:05,53.4979
2021-03-24 09:00,56.8931
2021-03-24 08:55,57.7460
2021-03-24 08:50,58.5612
2021-03-24 08:45,62.6687
2021-03-24 08:40,62.1760
2021-03-24 08:35,65.3811
2021-03-24 08:30,64.0920
2021-03-24 08:25,62.3565
2021-03-24 08:20,63.0641
2021-03-24 08:15,63.0641
2021-03-24 08:10,63.6872
2021-03-24 08:05,64.8776
2021-03-24 08:00,65.4456
2021-03-24 07:55,64.8745
2021-03-24 07:50,66.4031
2021-03-24 07:45,61.6482
2021-03-24 07:35,66.8132
2021-03-24 07:30,71.2476
2021-03-24 07:25,69.8542
2021-03-24 07:15,69.6264
2021-03-24 07:10,74.3199
2021-03-24 07:05,69.9278
2021-03-24 07:00,69.4659
2021-03-24 05:55,66.6088
2021-03-24 05:50,64.8260
2021-03-24 05:40,67.7030
2021-03-24 05:30,68.1713
2021-03-23 20:00,45.9611
2021-03-23 19:55,46.9110
2021-03-23 19:50,45.3374
2021-03-23 19:45,45.7572
2021-03-23 19:40,46.5578
2021-03-23 19:35,46.5578
2021-03-23 19:25,51.1915
2021-03-23 19:20,52.4022
2021-03-23 19:15,52.0512
2021-03-23 19:10,51.3854
2021-03-23 19:05,52.3988
2021-03-23 18:50,61.8356
2021-03-23 18:35,54.1717
2021-03-23 18:30,66.5884
2021-03-23 18:25,58.4531
2021-03-23 18:20,57.1906
2021-03-23 18:00,55.9518
2021-03-23 17:55,59.1350
2021-03-23 17:50,59.6611
2021-03-23 17:45,59.6611
2021-03-23 17:35,65.7107
2021-03-23 17:30,68.3940
2021-03-23 17:25,67.1483
2021-03-23 17:20,71.8835
2021-03-23 17:15,65.0099
2021-03-23 17:05,53.2073
2021-03-23 17:00,50.0801
2021-03-23 16:55,50.0801
2021-03-23 16:50,54.2481
2021-03-23 16:35,50.4162
2021-03-23 16:30,50.4162
2021-03-23 16:25,52.3049
2021-03-23 16:20,51.0272
2021-03-23 16:15,56.1483
2021-03-23 16:10,51.1857
2021-03-23 16:05,51.1857
2021-03-23 16:00,45.4156
2021-03-23 15:55,47.2093
2021-03-23 15:50,55.5907
2021-03-23 15:45,55.1914
2021-03-23 15:40,48.2827
2021-03-23 15:35,46.1129
2021-03-23 15:30,44.6760
2021-03-23 15:25,34.7063
2021-03-23 15:20,37.7857
2021-03-23 15:15,41.2318
2021-03-23 15:10,40.8757
2021-03-23 15:05,43.5121
2021-03-23 15:00,28.5307
2021-03-23 14:55,32.8194
2021-03-23 14:50,23.5338
2021-03-23 14:45,16.2229
2021-03-23 14:40,16.2229
2021-03-23 14:35,20.6504
2021-03-23 14:30,20.6504
2021-03-23 14:25,25.4397
2021-03-23 14:20,24.4224
2021-03-23 14:15,29.6880
2021-03-23 14:10,30.5621
2021-03-23 14:05,30.9856
2021-03-23 14:00,33.1166
2021-03-23 13:55,29.5157
2021-03-23 13:50,30.6655
2021-03-23 13:45,30.8515
2021-03-23 13:40,36.7800
2021-03-23 13:35,36.1269
2021-03-23 13:30,40.1211
2021-03-23 13:25,41.8898
2021-03-23 13:20,46.2139
2021-03-23 13:15,43.5064
2021-03-23 13:10,47.3822
2021-03-23 13:05,48.5293
2021-03-23 13:00,53.3238
2021-03-23 12:55,51.0798
2021-03-23 12:50,52.8493
2021-03-23 12:45,52.3383
2021-03-23 12:40,50.6547
2021-03-23 12:35,48.3353
2021-03-23 12:30,48.3489
2021-03-23 12:25,47.8936
2021-03-23 12:20,48.6907
2021-03-23 12:15,44.8560
2021-03-23 12:10,47.4153
2021-03-23 12:05,45.3471
2021-03-23 12:00,46.0194
2021-03-23 11:55,40.2628
2021-03-23 11:50,37.6153
2021-03-23 11:45,37.8751
2021-03-23 11:40,36.2395
2021-03-23 11:35,41.8691
2021-03-23 11:30,43.2883
2021-03-23 11:25,43.8402
2021-03-23 11:20,45.4547
2021-03-23 11:15,39.9817
2021-03-23 11:10,31.6195
2021-03-23 11:05,28.5377
2021-03-23 11:00,30.3523
2021-03-23 10:55,31.4671
2021-03-23 10:50,27.7721
2021-03-23 10:45,30.1194
2021-03-23 10:40,21.2974
2021-03-23 10:35,22.9802
2021-03-23 10:30,26.4771
2021-03-23 10:25,27.1593
2021-03-23 10:20,30.0317
2021-03-23 10:15,25.4629
2021-03-23 10:10,25.6170
2021-03-23 10:05,28.0009
2021-03-23 10:00,33.3861
2021-03-23 09:55,38.8382
2021-03-23 09:50,39.9360
2021-03-23 09:45,43.6707
2021-03-23 09:40,40.4907
2021-03-23 09:35,44.9044
2021-03-23 09:30,9.4743
2021-03-23 09:25,26.9622
2021-03-23 09:20,26.9622
2021-03-23 09:15,30.8603
2021-03-23 09:10,28.9526
2021-03-23 09:05,29.7139
2021-03-23 09:00,29.7139
2021-03-23 08:55,29.7139
2021-03-23 08:50,29.7139
2021-03-23 08:45,29.7139
2021-03-23 08:40,29.7139
2021-03-23 08:35,29.7139
2021-03-23 08:30,29.7139
2021-03-23 08:25,29.7139
2021-03-23 08:20,27.7642
2021-03-23 08:10,27.7642
2021-03-23 08:05,27.7642
2021-03-23 08:00,27.7642
2021-03-23 07:55,26.2431
2021-03-23 07:50,26.7665
2021-03-23 07:40,30.1124
2021-03-23 07:35,31.6428
2021-03-23 07:30,31.6428
2021-03-23 07:25,33.0929
2021-03-23 07:20,33.0929
2021-03-23 07:15,32.0184
2021-03-23 07:05,32.5031
2021-03-23 07:00,27.4002
2021-03-23 06:55,25.3026
2021-03-23 06:45,27.7196
2021-03-23 06:15,27.9100
2021-03-23 06:10,29.2145
2021-03-23 06:05,30.3434
2021-03-23 05:50,34.9400
2021-03-23 05:45,24.2901
2021-03-23 05:40,22.6876
2021-03-23 05:35,23.4560
2021-03-23 05:00,32.7153
2021-03-23 04:55,32.7153
2021-03-23 04:15,34.8224
2021-03-23 04:05,30.6764
2021-03-22 20:00,48.6292
2021-03-22 19:50,48.6292
2021-03-22 19:25,52.3259
2021-03-22 19:20,52.8589
2021-03-22 18:50,43.1856
2021-03-22 18:10,53.3512
2021-03-22 18:05,42.9617
2021-03-22 17:50,40.5007
2021-03-22 17:45,43.3986
2021-03-22 17:40,39.3703
2021-03-22 17:00,45.3665
2021-03-22 16:30,51.1541
2021-03-22 16:25,42.6640
2021-03-22 16:05,37.6309
2021-03-22 16:00,36.5973
2021-03-22 15:55,41.0156
2021-03-22 15:50,35.8813
2021-03-22 15:45,45.4373
2021-03-22 15:40,43.2698
2021-03-22 15:35,45.7820
2021-03-22 15:30,43.7642
2021-03-22 15:25,47.9255
2021-03-22 15:20,46.9894
2021-03-22 15:15,52.2192
2021-03-22 15:10,56.0832
2021-03-22 15:05,54.5208
2021-03-22 15:00,52.9670
2021-03-22 14:55,58.0297
2021-03-22 14:50,58.5017
2021-03-22 14:45,58.5017
2021-03-22 14:40,63.8780
2021-03-22 14:35,62.2680
2021-03-22 14:30,61.1975
2021-03-22 14:25,60.1475
2021-03-22 14:20,59.6404
2021-03-22 14:15,58.6637
2021-03-22 14:10,65.2634
2021-03-22 14:05,63.3580
2021-03-22 14:00,61.5619
2021-03-22 13:55,54.8577
2021-03-22 13:50,55.1909
2021-03-22 13:45,54.4195
2021-03-22 13:40,50.4023
2021-03-22 13:35,49.6432
2021-03-22 13:30,52.2979
2021-03-22 13:25,54.4613
2021-03-22 13:20,53.0640
2021-03-22 13:15,50.8506
2021-03-22 13:10,40.7981
2021-03-22 13:05,44.8312
2021-03-22 13:00,49.6411
2021-03-22 12:55,48.8363
2021-03-22 12:50,50.8485
2021-03-22 12:45,49.3865
2021-03-22 12:40,45.9349
2021-03-22 12:35,39.9414
2021-03-22 12:30,35.3038
2021-03-22 12:25,30.8781
2021-03-22 12:20,34.9332
2021-03-22 12:15,34.2922
2021-03-22 12:10,35.1706
2021-03-22 12:05,40.1639
2021-03-22 12:00,40.5385
2021-03-22 11:55,37.8477
2021-03-22 11:50,39.6819
2021-03-22 11:45,42.6479
2021-03-22 11:40,40.7114
2021-03-22 11:35,42.0291
2021-03-22 11:30,40.9193
2021-03-22 11:25,41.3605
2021-03-22 11:20,41.9200
2021-03-22 11:15,37.1855
2021-03-22 11:10,42.2491
2021-03-22 11:05,43.7033
2021-03-22 11:00,43.3411
2021-03-22 10:55,44.6755
2021-03-22 10:50,48.8668
2021-03-22 10:45,46.3753
2021-03-22 10:40,42.1198
2021-03-22 10:35,42.8485
2021-03-22 10:30,32.8151
2021-03-22 10:25,32.9809
2021-03-22 10:20,36.4462
2021-03-22 10:15,34.8414
2021-03-22 10:10,37.5422
2021-03-22 10:05,39.7215
2021-03-22 10:00,39.7653
2021-03-22 09:55,47.3789
2021-03-22 09:50,47.8949
2021-03-22 09:45,42.0318
2021-03-22 09:40,47.4621
2021-03-22 09:35,42.1021
2021-03-22 09:30,49.6108
2021-03-22 09:25,36.3042
2021-03-22 09:20,41.3875
2021-03-22 09:15,43.3708
2021-03-22 09:10,47.2230
2021-03-22 09:05,49.8389
2021-03-22 08:50,51.3481
2021-03-22 08:35,50.6543
2021-03-22 08:20,54.2458
2021-03-22 08:15,56.8666
2021-03-22 08:10,55.1416
2021-03-22 08:05,56.5378
2021-03-22 07:50,54.9476
2021-03-22 07:45,52.2387
2021-03-22 07:30,54.3634
2021-03-22 07:25,51.4840
2021-03-22 07:20,55.6322
2021-03-22 07:10,57.1596
2021-03-22 07:05,56.4941
2021-03-22 06:45,46.4535
2021-03-22 05:50,74.8227
2021-03-19 20:00,49.5109
2021-03-19 19:40,49.5109
2021-03-19 19:35,49.5109
2021-03-19 18:55,49.5109
2021-03-19 18:25,49.5109
2021-03-19 17:30,43.0288
2021-03-19 17:00,43.5479
2021-03-19 16:30,42.2540
2021-03-19 16:25,49.6513
2021-03-19 16:20,45.1968
2021-03-19 16:15,45.1968
2021-03-19 16:05,48.9294
2021-03-19 16:00,48.9294
2021-03-19 15:55,53.5607
2021-03-19 15:50,53.8390
2021-03-19 15:45,48.3562
2021-03-19 15:40,52.2882
2021-03-19 15:35,56.5587
2021-03-19 15:30,48.7916
2021-03-19 15:25,43.8167
2021-03-19 15:20,42.6131
2021-03-19 15:15,42.7778
2021-03-19 15:10,38.8128
2021-03-19 15:05,39.2008
2021-03-19 15:00,45.5429
2021-03-19 14:55,38.8007
2021-03-19 14:50,40.9401
2021-03-19 14:45,41.7961
2021-03-19 14:40,38.8269
2021-03-19 14:35,40.3562
2021-03-19 14:30,34.3539
2021-03-19 14:25,38.4903
2021-03-19 14:20,40.0477
2021-03-19 14:15,46.8718
2021-03-19 14:10,41.8238
2021-03-19 14:05,43.8731
2021-03-19 14:00,46.7065
2021-03-19 13:55,49.1635
2021-03-19 13:50,53.9027
2021-03-19 13:45,48.8116
2021-03-19 13:40,45.1557
2021-03-19 13:35,43.7201
2021-03-19 13:30,49.4945
2021-03-19 13:25,49.4995
2021-03-19 13:20,55.2639
2021-03-19 13:15,58.7312
2021-03-19 13:10,55.7217
2021-03-19 13:05,55.6788
2021-03-19 13:00,57.8100
2021-03-19 12:55,58.8300
2021-03-19 12:50,61.3425
2021-03-19 12:45,58.3709
2021-03-19 12:40,53.7896
2021-03-19 12:35,53.0216
2021-03-19 12:30,55.8217
2021-03-19 12:25,54.2334
2021-03-19 12:20,52.7237
2021-03-19 12:15,53.6575
2021-03-19 12:10,54.1923
2021-03-19 12:05,57.0059
2021-03-19 12:00,55.6702
2021-03-19 11:55,56.8176
2021-03-19 11:50,52.5352
2021-03-19 11:45,52.1345
2021-03-19 11:40,53.6773
2021-03-19 11:35,55.3362
2021-03-19 11:30,53.2126
2021-03-19 11:25,50.3211
2021-03-19 11:20,54.5853
2021-03-19 11:15,50.4581
2021-03-19 11:10,49.9900
2021-03-19 11:05,48.2886
2021-03-19 11:00,47.0621
2021-03-19 10:55,48.3695
2021-03-19 10:50,48.6016
2021-03-19 10:45,49.4838
2021-03-19 10:40,46.0212
2021-03-19 10:35,40.1743
2021-03-19 10:30,45.5436
2021-03-19 10:25,45.1461
2021-03-19 10:20,44.2005
2021-03-19 10:15,39.7653
2021-03-19 10:10,36.0727
2021-03-19 10:05,41.2967
2021-03-19 10:00,42.9575
2021-03-19 09:55,42.0160
2021-03-19 09:50,22.3909
2021-03-19 09:45,24.5412
2021-03-19 09:40,28.1417
2021-03-19 09:35,27.5435
2021-03-19 09:30,34.1421
2021-03-19 09:25,38.6082
2021-03-19 09:20,46.6765
2021-03-19 09:15,37.4981
2021-03-19 09:10,49.3233
2021-03-19 09:05,50.0208
2021-03-19 09:00,53.5357
2021-03-19 08:55,52.6080
2021-03-19 08:50,51.7128
2021-03-19 08:45,51.7128
2021-03-19 08:40,56.9711
2021-03-19 08:35,54.7071
2021-03-19 08:30,51.5508
2021-03-19 08:25,52.6872
2021-03-19 08:20,51.4448
2021-03-19 08:15,54.0823
2021-03-19 08:10,52.9627
2021-03-19 08:05,58.5285
2021-03-19 07:50,52.8295
2021-03-19 07:45,54.1585
2021-03-19 07:40,54.1585
2021-03-19 07:30,57.1327
2021-03-19 07:25,59.1434
2021-03-19 07:20,63.5570
2021-03-19 07:15,59.9670
2021-03-19 07:05,61.2401
2021-03-19 06:15,57.9220
2021-03-18 19:50,57.0688
2021-03-18 19:40,44.8064
2021-03-18 19:30,51.7910
2021-03-18 19:25,46.0659
2021-03-18 19:20,46.2980
2021-03-18 19:15,46.2955
2021-03-18 19:00,43.3447
2021-03-18 18:55,46.7247
2021-03-18 18:30,45.5654
2021-03-18 17:55,44.6710
2021-03-18 17:35,41.5498
2021-03-18 17:20,58.0597
2021-03-18 17:10,42.0132
2021-03-18 17:05,42.0132
2021-03-18 17:00,33.9903
2021-03-18 16:50,33.9903
2021-03-18 16:45,41.5422
2021-03-18 16:25,42.0848
2021-03-18 16:15,41.7314
2021-03-18 16:10,38.6005
2021-03-18 16:05,38.6005
2021-03-18 16:00,26.9414
2021-03-18 15:55,23.8804
2021-03-18 15:50,17.0667
2021-03-18 15:45,20.2184
2021-03-18 15:40,21.8207
2021-03-18 15:35,22.8017
2021-03-18 15:30,27.9643
2021-03-18 15:25,24.3740
2021-03-18 15:20,27.8757
2021-03-18 15:15,31.9083
2021-03-18 15:10,32.7641
2021-03-18 15:05,35.1394
2021-03-18 15:00,39.6331
2021-03-18 14:55,32.9666
2021-03-18 14:50,34.9456
2021-03-18 14:45,24.7415
2021-03-18 14:40,28.1620
2021-03-18 14:35,28.9010
2021-03-18 14:30,30.6496
2021-03-18 14:25,32.7525
2021-03-18 14:20,31.6640
2021-03-18 14:15,36.9703
2021-03-18 14:10,43.6950
2021-03-18 14:05,46.6168
2021-03-18 14:00,53.2161
2021-03-18 13:55,51.4710
2021-03-18 13:50,50.0386
2021-03-18 13:45,49.6028
2021-03-18 13:40,45.8772
2021-03-18 13:35,46.8226
2021-03-18 13:30,44.2631
2021-03-18 13:25,45.9754
2021-03-18 13:20,44.1704
2021-03-18 13:15,44.6320
2021-03-18 13:10,44.9226
2021-03-18 13:05,40.2246
2021-03-18 13:00,41.7509
2021-03-18 12:55,42.3199
2021-03-18 12:50,52.3660
2021-03-18 12:45,59.7673
2021-03-18 12:40,58.2207
2021-03-18 12:35,56.3807
2021-03-18 12:30,59.1729
2021-03-18 12:25,58.4078
2021-03-18 12:20,54.2990
2021-03-18 12:15,66.0206
2021-03-18 12:10,64.2280
2021-03-18 12:05,66.3964
2021-03-18 12:00,65.7522
2021-03-18 11:55,63.8201
2021-03-18 11:50,71.9914
2021-03-18 11:45,68.2121
2021-03-18 11:40,66.2633
2021-03-18 11:35,66.2633
2021-03-18 11:30,64.5958
2021-03-18 11:25,64.5958
2021-03-18 11:20,67.0947
2021-03-18 11:15,66.4051
2021-03-18 11:10,71.1842
2021-03-18 11:05,70.4984
2021-03-18 11:00,67.5066
2021-03-18 10:55,64.2217
2021-03-18 10:50,68.3302
2021-03-18 10:45,67.8734
2021-03-18 10:40,72.0709
2021-03-18 10:35,71.4401
2021-03-18 10:30,68.0944
2021-03-18 10:25,63.9359
2021-03-18 10:20,60.2107
2021-03-18 10:15,57.6337
2021-03-18 10:10,57.0375
2021-03-18 10:05,53.1608
2021-03-18 10:00,57.4692
2021-03-18 09:55,49.6714
2021-03-18 09:50,44.9681
2021-03-18 09:45,46.7794
2021-03-18 09:40,52.7516
2021-03-18 09:35,58.6072
2021-03-18 09:30,38.2345
2021-03-18 09:25,33.9922
2021-03-18 09:20,33.0432
2021-03-18 09:15,41.3167
2021-03-18 09:05,42.6385
2021-03-18 08:55,44.6270
2021-03-18 08:50,45.9537
2021-03-18 08:45,47.2550
2021-03-18 08:35,40.6049
2021-03-18 08:30,46.7220
2021-03-18 08:20,45.1053
2021-03-18 08:15,48.1584
2021-03-18 08:10,49.5423
2021-03-18 08:05,51.2518
2021-03-18 08:00,46.8216
2021-03-18 07:55,48.7191
2021-03-18 07:40,49.3380
2021-03-18 07:35,53.4351
2021-03-18 07:30,55.4070
2021-03-18 07:25,54.3645
2021-03-18 07:15,52.2932
2021-03-18 07:05,57.7716
2021-03-18 06:45,54.0463
2021-03-18 06:15,64.6357
2021-03-18 06:00,56.1201
2021-03-18 05:40,45.9167
2021-03-18 05:30,49.9079
2021-03-18 05:25,49.9079
2021-03-18 05:15,55.2954
2021-03-18 04:30,55.2954
2021-03-18 04:10,41.4649
2021-03-18 04:05,41.4649
2021-03-17 20:00,60.5556
2021-03-17 19:30,50.8593
2021-03-17 19:20,59.9880
2021-03-17 19:15,59.9880
2021-03-17 18:55,52.6618
2021-03-17 18:45,54.1976
2021-03-17 18:30,68.0108
2021-03-17 18:25,69.1010
2021-03-17 18:10,68.1529
2021-03-17 18:05,64.0564
2021-03-17 17:50,60.5197
2021-03-17 17:45,61.4555
2021-03-17 17:40,70.5761
2021-03-17 17:35,70.1185
2021-03-17 17:25,72.2037
2021-03-17 17:20,70.1425
2021-03-17 17:05,67.4533
2021-03-17 16:55,73.6097
2021-03-17 16:50,73.6097
2021-03-17 16:45,73.6097
2021-03-17 16:40,73.6097
2021-03-17 16:35,73.6097
2021-03-17 16:30,73.6097
2021-03-17 16:25,73.0848
2021-03-17 16:20,71.5059
2021-03-17 16:15,71.5059
2021-03-17 16:10,71.2637
2021-03-17 16:05,69.8349
2021-03-17 16:00,73.2152
2021-03-17 15:55,68.4950
2021-03-17 15:50,66.0506
2021-03-17 15:45,62.2834
2021-03-17 15:40,64.4668
2021-03-17 15:35,64.3974
2021-03-17 15:30,63.0669
2021-03-17 15:25,60.3249
2021-03-17 15:20,64.7916
2021-03-17 15:15,69.5807
2021-03-17 15:10,71.6438
2021-03-17 15:05,82.7830
2021-03-17 15:00,80.2353
2021-03-17 14:55,78.4328
2021-03-17 14:50,78.0822
2021-03-17 14:45,77.5693
2021-03-17 14:40,72.4358
2021-03-17 14:35,67.3611
2021-03-17 14:30,63.0377
2021-03-17 14:25,70.3606
2021-03-17 14:20,73.9884
2021-03-17 14:15,69.6257
2021-03-17 14:10,65.7094
2021-03-17 14:05,61.2849
2021-03-17 14:00,47.9117
2021-03-17 13:55,46.6959
2021-03-17 13:50,48.4006
2021-03-17 13:45,47.7189
2021-03-17 13:40,44.3028
2021-03-17 13:35,41.8323
2021-03-17 13:30,42.5840
2021-03-17 13:25,42.5840
2021-03-17 13:20,39.4573
2021-03-17 13:15,41.5588
2021-03-17 13:10,40.6787
2021-03-17 13:05,43.7369
2021-03-17 13:00,41.8422
2021-03-17 12:55,48.5680
2021-03-17 12:50,47.5580
2021-03-17 12:45,47.5580
2021-03-17 12:40,50.5540
2021-03-17 12:35,49.7135
2021-03-17 12:30,54.4441
2021-03-17 12:25,54.8801
2021-03-17 12:20,59.8232
2021-03-17 12:15,62.6829
2021-03-17 12:10,63.1500
2021-03-17 12:05,57.5710
2021-03-17 12:00,51.4660
2021-03-17 11:55,49.6866
2021-03-17 11:50,53.3169
2021-03-17 11:45,53.9267
2021-03-17 11:40,51.1604
2021-03-17 11:35,48.3644
2021-03-17 11:30,49.9960
2021-03-17 11:25,49.9960
2021-03-17 11:20,47.4314
2021-03-17 11:15,50.7550
2021-03-17 11:10,46.3087
2021-03-17 11:05,46.3087
2021-03-17 11:00,46.0084
2021-03-17 10:55,46.4912
2021-03-17 10:50,44.7412
2021-03-17 10:45,42.7346
2021-03-17 10:40,46.9569
2021-03-17 10:35,47.3918
2021-03-17 10:30,53.2269
2021-03-17 10:25,54.5727
2021-03-17 10:20,58.5731
2021-03-17 10:15,63.7240
2021-03-17 10:10,59.4489
2021-03-17 10:05,63.2676
2021-03-17 10:00,64.2591
2021-03-17 09:55,75.0204
2021-03-17 09:50,66.1785
2021-03-17 09:45,84.3406
2021-03-17 09:40,81.7738
2021-03-17 09:35,76.4918
2021-03-17 09:30,64.4596
2021-03-17 09:25,70.4711
2021-03-17 09:20,66.7714
2021-03-17 09:15,67.6458
2021-03-17 09:10,66.8393
2021-03-17 09:05,66.0535
2021-03-17 09:00,58.8016
2021-03-17 08:55,54.8863
2021-03-17 08:50,49.8261
2021-03-17 08:45,49.8261
2021-03-17 08:40,53.7229
2021-03-17 08:35,49.4391
2021-03-17 08:30,50.0538
2021-03-17 08:25,49.4704
2021-03-17 08:20,48.3502
2021-03-17 08:15,48.3502
2021-03-17 08:10,53.4600
2021-03-17 08:05,50.0271
2021-03-17 07:55,50.0271
2021-03-17 07:45,50.4858
2021-03-17 07:30,55.1843
2021-03-17 07:25,64.0387
2021-03-17 07:20,64.0387
2021-03-17 07:10,62.4137
2021-03-17 07:05,62.0956
2021-03-17 07:00,60.2200
2021-03-17 06:30,60.2200
2021-03-17 05:55,64.8302
2021-03-17 05:50,64.5784
2021-03-17 05:40,62.3241
2021-03-17 05:30,62.3241
2021-03-17 05:20,62.3241
2021-03-17 04:30,66.0645
2021-03-16 20:00,47.7034
2021-03-16 19:55,47.7034
2021-03-16 19:45,37.5255
2021-03-16 19:30,52.6678
2021-03-16 19:25,55.0241
2021-03-16 19:10,55.6016
2021-03-16 18:35,55.5973
2021-03-16 18:20,48.6283
2021-03-16 17:35,50.0892
2021-03-16 16:50,50.0892
2021-03-16 16:20,50.0892
2021-03-16 16:15,49.6858
2021-03-16 16:10,48.9190
2021-03-16 16:05,65.6390
2021-03-16 16:00,50.7199
2021-03-16 15:55,50.3350
2021-03-16 15:50,43.5074
2021-03-16 15:45,42.8441
2021-03-16 15:40,45.3143
2021-03-16 15:35,49.8515
2021-03-16 15:30,45.3698
2021-03-16 15:25,50.3875
2021-03-16 15:20,45.4037
2021-03-16 15:15,47.0495
2021-03-16 15:10,45.8340
2021-03-16 15:05,45.8340
2021-03-16 15:00,44.5332
2021-03-16 14:55,45.1148
2021-03-16 14:50,40.9319
2021-03-16 14:45,40.1376
2021-03-16 14:40,45.4153
2021-03-16 14:35,49.5497
2021-03-16 14:30,37.3335
2021-03-16 14:25,33.9587
2021-03-16 14:20,37.7325
2021-03-16 14:15,43.3203
2021-03-16 14:10,44.0471
2021-03-16 14:05,48.0388
2021-03-16 14:00,45.7565
2021-03-16 13:55,44.6273
2021-03-16 13:50,48.3671
2021-03-16 13:45,47.6543
2021-03-16 13:40,42.6094
2021-03-16 13:35,46.5117
2021-03-16 13:30,49.7758
2021-03-16 13:25,52.0025
2021-03-16 13:20,50.8885
2021-03-16 13:15,48.8937
2021-03-16 13:10,50.3680
2021-03-16 13:05,53.3559
2021-03-16 13:00,50.6368
2021-03-16 12:55,53.7544
2021-03-16 12:50,52.6721
2021-03-16 12:45,53.4464
2021-03-16 12:40,56.3300
2021-03-16 12:35,50.7357
2021-03-16 12:30,44.9585
2021-03-16 12:25,40.4167
2021-03-16 12:20,43.4273
2021-03-16 12:15,45.7594
2021-03-16 12:10,52.1830
2021-03-16 12:05,48.1633
2021-03-16 12:00,51.6963
2021-03-16 11:55,48.1655
2021-03-16 11:50,43.0079
2021-03-16 11:45,39.7612
2021-03-16 11:40,37.3958
2021-03-16 11:35,35.9955
2021-03-16 11:30,37.7765
2021-03-16 11:25,40.8614
2021-03-16 11:20,36.5626
2021-03-16 11:15,36.8086
2021-03-16 11:10,34.7542
2021-03-16 11:05,31.8691
2021-03-16 11:00,32.4399
2021-03-16 10:55,34.1437
2021-03-16 10:50,35.5902
2021-03-16 10:45,36.2422
2021-03-16 10:40,40.6967
2021-03-16 10:35,42.4531
2021-03-16 10:30,41.8707
2021-03-16 10:25,39.4526
2021-03-16 10:20,36.2667
2021-03-16 10:15,27.3985
2021-03-16 10:10,29.0645
2021-03-16 10:05,32.3259
2021-03-16 10:00,26.7219
2021-03-16 09:55,25.6499
2021-03-16 09:50,22.3080
2021-03-16 09:45,28.5880
2021-03-16 09:40,33.2868
2021-03-16 09:35,22.5625
2021-03-16 09:30,42.9949
2021-03-16 09:25,45.9683
2021-03-16 09:15,46.4657
2021-03-16 09:10,49.9804
2021-03-16 09:05,49.9804
2021-03-16 08:55,48.0441
2021-03-16 08:45,51.7658
2021-03-16 08:40,49.0152
2021-03-16 08:35,50.8088
2021-03-16 08:25,47.6988
2021-03-16 08:05,44.4369
2021-03-16 07:30,45.5679
2021-03-16 05:15,54.6008
2021-03-16 05:10,26.0992
2021-03-16 05:05,29.1935
2021-03-16 04:25,57.8554
2021-03-15 20:00,68.2212
2021-03-15 19:40,63.1062
2021-03-15 19:35,61.9694
2021-03-15 19:20,63.7947
2021-03-15 18:15,62.7766
2021-03-15 18:05,62.7766
2021-03-15 18:00,62.7766
2021-03-15 17:35,62.7766
2021-03-15 16:55,64.1034
2021-03-15 16:45,62.6291
2021-03-15 16:40,63.8528
2021-03-15 16:35,63.8528
2021-03-15 16:25,63.2334
2021-03-15 16:20,63.2334
2021-03-15 16:15,64.1816
2021-03-15 16:10,65.0880
2021-03-15 16:05,64.1477
2021-03-15 16:00,64.1558
2021-03-15 15:55,61.9416
2021-03-15 15:50,57.5695
2021-03-15 15:45,64.0192
2021-03-15 15:40,59.8414
2021-03-15 15:35,55.9283
2021-03-15 15:30,52.2228
2021-03-15 15:25,47.4350
2021-03-15 15:20,46.3655
2021-03-15 15:15,49.8164
2021-03-15 15:10,54.6209
2021-03-15 15:05,55.3288
2021-03-15 15:00,63.7701
2021-03-15 14:55,63.7701
2021-03-15 14:50,60.9695
2021-03-15 14:45,63.2391
2021-03-15 14:40,65.5034
2021-03-15 14:35,66.2374
2021-03-15 14:30,63.9890
2021-03-15 14:25,52.5443
2021-03-15 14:20,54.8983
2021-03-15 14:15,57.7234
2021-03-15 14:10,58.4213
2021-03-15 14:05,57.2206
2021-03-15 14:00,51.7912
2021-03-15 13:55,45.6961
2021-03-15 13:50,43.0204
2021-03-15 13:45,40.9956
2021-03-15 13:40,38.9822
2021-03-15 13:35,41.6197
2021-03-15 13:30,43.2453
2021-03-15 13:25,44.3199
2021-03-15 13:20,46.0971
2021-03-15 13:15,39.5965
2021-03-15 13:10,40.6129
2021-03-15 13:05,38.3433
2021-03-15 13:00,44.6863
2021-03-15 12:55,48.4039
2021-03-15 12:50,50.3487
2021-03-15 12:45,41.6394
2021-03-15 12:40,38.5096
2021-03-15 12:35,39.7978
2021-03-15 12:30,39.0699
2021-03-15 12:25,37.3825
2021-03-15 12:20,43.3243
2021-03-15 12:15,44.5574
2021-03-15 12:10,42.0028
2021-03-15 12:05,41.9183
2021-03-15 12:00,42.6548
2021-03-15 11:55,43.5722
2021-03-15 11:50,42.4266
2021-03-15 11:45,39.9895
2021-03-15 11:40,34.1782
2021-03-15 11:35,34.8964
2021-03-15 11:30,38.3899
2021-03-15 11:25,46.1303
2021-03-15 11:20,43.2676
2021-03-15 11:15,45.8359
2021-03-15 11:10,36.6403
2021-03-15 11:05,37.4861
2021-03-15 11:00,30.8121
2021-03-15 10:55,31.1553
2021-03-15 10:50,30.4359
2021-03-15 10:45,33.3483
2021-03-15 10:40,37.2735
2021-03-15 10:35,41.8473
2021-03-15 10:30,43.3924
2021-03-15 10:25,40.5383
2021-03-15 10:20,41.4192
2021-03-15 10:15,35.6271
2021-03-15 10:10,30.2041
2021-03-15 10:05,32.0866
2021-03-15 10:00,34.5290
2021-03-15 09:55,21.9928
2021-03-15 09:50,22.6381
2021-03-15 09:45,27.4959
2021-03-15 09:40,37.9721
2021-03-15 09:35,47.2615
2021-03-15 09:30,41.2566
2021-03-15 09:25,47.3792
2021-03-15 09:20,40.6923
2021-03-15 09:15,40.6923
2021-03-15 09:10,43.8990
2021-03-15 09:05,49.3115
2021-03-15 09:00,50.5988
2021-03-15 08:50,52.5081
2021-03-15 08:45,58.6759
2021-03-15 08:40,55.4353
2021-03-15 08:35,55.4353
2021-03-15 08:30,54.9274
2021-03-15 08:20,60.0082
2021-03-15 08:15,57.2545
2021-03-15 08:05,59.1453
2021-03-15 07:20,59.1453
2021-03-15 07:15,59.7121
2021-03-15 07:10,59.3504
2021-03-15 07:05,54.4094
2021-03-15 06:55,54.4094
2021-03-15 06:50,59.1805
2021-03-15 06:20,62.7576
2021-03-15 06:10,49.9043
2021-03-15 05:35,49.9043
2021-03-15 05:30,34.7298
2021-03-15 04:55,36.8000
2021-03-15 04:30,46.6017
2021-03-12 19:55,42.8843
2021-03-12 19:45,49.2521
2021-03-12 19:35,52.1270
2021-03-12 19:30,52.1270
2021-03-12 19:00,49.5898
2021-03-12 17:40,65.7744
2021-03-12 17:25,65.7744
2021-03-12 17:20,56.6184
2021-03-12 17:15,55.1323
2021-03-12 16:35,54.4071
2021-03-12 16:10,56.0907
2021-03-12 16:05,50.3887
2021-03-12 16:00,50.3887
2021-03-12 15:55,51.1040
2021-03-12 15:50,53.9483
2021-03-12 15:45,46.3188
2021-03-12 15:40,51.3057
2021-03-12 15:35,49.9004
2021-03-12 15:30,44.9861
2021-03-12 15:25,47.3063
2021-03-12 15:20,38.9533
2021-03-12 15:15,31.9407
2021-03-12 15:10,36.6165
2021-03-12 15:05,29.2997
2021-03-12 15:00,34.1811
2021-03-12 14:55,35.1405
2021-03-12 14:50,37.7651
2021-03-12 14:45,38.4315
2021-03-12 14:40,38.4315
2021-03-12 14:35,31.0930
2021-03-12 14:30,34.3518
2021-03-12 14:25,30.9939
2021-03-12 14:20,30.9988
2021-03-12 14:15,32.9308
2021-03-12 14:10,33.9146
2021-03-12 14:05,29.5150
2021-03-12 14:00,28.0320
2021-03-12 13:55,28.0039
2021-03-12 13:50,30.6072
2021-03-12 13:45,34.6733
2021-03-12 13:40,39.4942
2021-03-12 13:35,39.4942
2021-03-12 13:30,41.3293
2021-03-12 13:25,42.6435
2021-03-12 13:20,46.9951
2021-03-12 13:15,50.7755
2021-03-12 13:10,50.1712
2021-03-12 13:05,49.3045
2021-03-12 13:00,45.4892
2021-03-12 12:55,53.2126
2021-03-12 12:50,50.0011
2021-03-12 12:45,48.8148
2021-03-12 12:40,37.0204
2021-03-12 12:35,38.7264
2021-03-12 12:30,39.2057
2021-03-12 12:25,44.5863
2021-03-12 12:20,47.7754
2021-03-12 12:15,49.8838
2021-03-12 12:10,48.0594
2021-03-12 12:05,49.7408
2021-03-12 12:00,49.4672
2021-03-12 11:55,52.9466
2021-03-12 11:50,52.4690
2021-03-12 11:45,53.2215
2021-03-12 11:40,52.1597
2021-03-12 11:35,48.2317
2021-03-12 11:30,45.4596
2021-03-12 11:25,47.8383
2021-03-12 11:20,48.8268
2021-03-12 11:15,51.3906
2021-03-12 11:10,50.6502
2021-03-12 11:05,47.2961
2021-03-12 11:00,44.5754
2021-03-12 10:55,50.8422
2021-03-12 10:50,44.3890
2021-03-12 10:45,44.9022
2021-03-12 10:40,43.0688
2021-03-12 10:35,43.2172
2021-03-12 10:30,36.0583
2021-03-12 10:25,38.6600
2021-03-12 10:20,43.9060
2021-03-12 10:15,46.8686
2021-03-12 10:10,48.5590
2021-03-12 10:05,46.4052
2021-03-12 10:00,51.7728
2021-03-12 09:55,53.5708
2021-03-12 09:50,50.3697
2021-03-12 09:45,56.5213
2021-03-12 09:40,61.8883
2021-03-12 09:35,45.1461
2021-03-12 09:30,37.8185
2021-03-12 09:25,38.1828
2021-03-12 09:20,39.2358
2021-03-12 09:15,39.2358
2021-03-12 09:10,38.7503
2021-03-12 09:00,40.8728
2021-03-12 08:55,40.0009
2021-03-12 08:45,43.5815
2021-03-12 08:40,46.4790
2021-03-12 08:30,50.0235
2021-03-12 08:25,44.9974
2021-03-12 08:20,50.2812
2021-03-12 08:15,41.8232
2021-03-12 08:10,41.3601
2021-03-12 08:05,45.7575
2021-03-12 08:00,39.8158
2021-03-12 07:25,39.8158
2021-03-12 07:05,42.6014
2021-03-12 05:00,38.6134
2021-03-12 04:50,38.6134
2021-03-12 04:35,38.6134
2021-03-12 04:25,58.5014
2021-03-11 20:00,61.1606
2021-03-11 19:55,53.2712
2021-03-11 19:45,46.7417
2021-03-11 19:40,42.7412
2021-03-11 19:35,42.7412
2021-03-11 19:15,45.7011
2021-03-11 19:10,45.7011
2021-03-11 18:45,49.0483
2021-03-11 18:30,41.6014
2021-03-11 17:45,39.4085
2021-03-11 16:55,44.4451
2021-03-11 16:35,37.6106
2021-03-11 16:25,37.6106
2021-03-11 16:05,37.0542
2021-03-11 16:00,37.2082
2021-03-11 15:55,28.6709
2021-03-11 15:50,34.9302
2021-03-11 15:45,41.8759
2021-03-11 15:40,43.4908
2021-03-11 15:35,38.8839
2021-03-11 15:30,40.9163
2021-03-11 15:25,43.6719
2021-03-11 15:20,42.8471
2021-03-11 15:15,40.1338
2021-03-11 15:10,47.9559
2021-03-11 15:05,52.4282
2021-03-11 15:00,50.3473
2021-03-11 14:55,52.3633
2021-03-11 14:50,49.0480
2021-03-11 14:45,54.5920
2021-03-11 14:40,50.0656
2021-03-11 14:35,55.7713
2021-03-11 14:30,55.7713
2021-03-11 14:25,59.6810
2021-03-11 14:20,56.4404
2021-03-11 14:15,52.9273
2021-03-11 14:10,50.6157
2021-03-11 14:05,54.3319
2021-03-11 14:00,49.0007
2021-03-11 13:55,54.6691
2021-03-11 13:50,53.3010
2021-03-11 13:45,53.3010
2021-03-11 13:40,54.7251
2021-03-11 13:35,53.9637
2021-03-11 13:30,55.4799
2021-03-11 13:25,52.4683
2021-03-11 13:20,53.8205
2021-03-11 13:15,42.7958
2021-03-11 13:10,54.1958
2021-03-11 13:05,58.0657
2021-03-11 13:00,55.0878
2021-03-11 12:55,50.4170
2021-03-11 12:50,54.6381
2021-03-11 12:45,51.3271
2021-03-11 12:40,50.3659
2021-03-11 12:35,47.4766
2021-03-11 12:30,48.7954
2021-03-11 12:25,44.5007
2021-03-11 12:20,43.0215
2021-03-11 12:15,43.7432
2021-03-11 12:10,45.8877
2021-03-11 12:05,43.7540
2021-03-11 12:00,46.1180
2021-03-11 11:55,52.0917
2021-03-11 11:50,56.3260
2021-03-11 11:45,54.9664
2021-03-11 11:40,57.8952
2021-03-11 11:35,53.0871
2021-03-11 11:30,52.5668
2021-03-11 11:25,53.6723
2021-03-11 11:20,53.8265
2021-03-11 11:15,56.7361
2021-03-11 11:10,53.7447
2021-03-11 11:05,57.8326
2021-03-11 11:00,57.2028
2021-03-11 10:55,60.3848
2021-03-11 10:50,60.8814
2021-03-11 10:45,57.9948
2021-03-11 10:40,48.2955
2021-03-11 10:35,48.8509
2021-03-11 10:30,56.1335
2021-03-11 10:25,55.1398
2021-03-11 10:20,46.3449
2021-03-11 10:15,52.3434
2021-03-11 10:10,48.7158
2021-03-11 10:05,44.8151
2021-03-11 10:00,52.5798
2021-03-11 09:55,51.2148
2021-03-11 09:50,39.0437
2021-03-11 09:45,37.5376
2021-03-11 09:40,33.0903
2021-03-11 09:35,29.6143
2021-03-11 09:30,41.8249
2021-03-11 09:25,35.1157
2021-03-11 09:20,39.3272
2021-03-11 09:15,39.3272
2021-03-11 09:10,39.3272
2021-03-11 09:05,40.0260
2021-03-11 09:00,41.7482
2021-03-11 08:55,43.1266
2021-03-11 08:50,43.4597
2021-03-11 08:45,43.0512
2021-03-11 08:40,41.8777
2021-03-11 08:35,41.8803
2021-03-11 08:30,42.6354
2021-03-11 08:25,44.8900
2021-03-11 08:20,46.6726
2021-03-11 08:15,47.4219
2021-03-11 08:10,47.4219
2021-03-11 08:05,49.4769
2021-03-11 07:45,53.5466
2021-03-11 07:40,51.3613
2021-03-11 07:35,50.0522
2021-03-11 07:30,53.6262
2021-03-11 07:20,48.9742
2021-03-11 07:15,57.4946
2021-03-11 07:10,57.7612
2021-03-11 07:05,52.6658
2021-03-11 07:00,59.3094
2021-03-11 06:55,51.3275
2021-03-11 06:45,62.7591
2021-03-11 06:20,71.1697
2021-03-11 06:05,71.1697
2021-03-11 06:00,73.2868
2021-03-11 05:55,71.2199
2021-03-11 05:35,68.9919
2021-03-11 05:25,64.9184
2021-03-11 05:20,63.6515
2021-03-11 04:50,62.1716
2021-03-11 04:20,72.7855
2021-03-11 04:15,72.6247
2021-03-10 20:00,43.4969
2021-03-10 19:55,43.4969
2021-03-10 19:40,44.8089
2021-03-10 19:30,48.4259
2021-03-10 19:25,48.4259
2021-03-10 19:05,48.4259
2021-03-10 18:45,48.4259
2021-03-10 18:40,46.8305
2021-03-10 17:55,48.2154
2021-03-10 17:50,55.8895
2021-03-10 17:25,55.2278
2021-03-10 17:15,55.6152
2021-03-10 17:10,53.4951
2021-03-10 16:45,47.1300
2021-03-10 16:25,51.9996
2021-03-10 16:15,45.6701
2021-03-10 16:10,46.3376
2021-03-10 16:05,53.6141
2021-03-10 16:00,44.7526
2021-03-10 15:55,45.6733
2021-03-10 15:50,55.1563
2021-03-10 15:45,53.1491
2021-03-10 15:40,60.0589
2021-03-10 15:35,58.1075
2021-03-10 15:30,56.0542
2021-03-10 15:25,64.6085
2021-03-10 15:20,63.8072
2021-03-10 15:15,57.9754
2021-03-10 15:10,57.9754
2021-03-10 15:05,56.1284
2021-03-10 15:00,61.9428
2021-03-10 14:55,58.2785
2021-03-10 14:50,59.2882
2021-03-10 14:45,54.5339
2021-03-10 14:40,60.5997
2021-03-10 14:35,59.5553
2021-03-10 14:30,63.1839
2021-03-10 14:25,60.2958
2021-03-10 14:20,60.2958
2021-03-10 14:15,67.9569
2021-03-10 14:10,65.2214
2021-03-10 14:05,63.4846
2021-03-10 14:00,57.7735
2021-03-10 13:55,58.5017
2021-03-10 13:50,62.3969
2021-03-10 13:45,61.5044
2021-03-10 13:40,62.4216
2021-03-10 13:35,64.9722
2021-03-10 13:30,68.0840
2021-03-10 13:25,63.6050
2021-03-10 13:20,65.1319
2021-03-10 13:15,62.6855
2021-03-10 13:10,60.4980
2021-03-10 13:05,56.1448
2021-03-10 13:00,54.3327
2021-03-10 12:55,54.0423
2021-03-10 12:50,52.4833
2021-03-10 12:45,51.2262
2021-03-10 12:40,45.5820
2021-03-10 12:35,52.7580
2021-03-10 12:30,56.8903
2021-03-10 12:25,52.5592
2021-03-10 12:20,56.7982
2021-03-10 12:15,56.5269
2021-03-10 12:10,56.5269
2021-03-10 12:05,56.2902
2021-03-10 12:00,57.7500
2021-03-10 11:55,58.7402
2021-03-10 11:50,59.9677
2021-03-10 11:45,53.6752
2021-03-10 11:40,59.6141
2021-03-10 11:35,60.0735
2021-03-10 11:30,60.4519
2021-03-10 11:25,60.7055
2021-03-10 11:20,61.0409
2021-03-10 11:15,68.9665
2021-03-10 11:10,70.8596
2021-03-10 11:05,67.8123
2021-03-10 11:00,64.9308
2021-03-10 10:55,59.6741
2021-03-10 10:50,58.5881
2021-03-10 10:45,57.6096
2021-03-10 10:40,55.6640
2021-03-10 10:35,60.3818
2021-03-10 10:30,51.1130
2021-03-10 10:25,55.9270
2021-03-10 10:20,68.8254
2021-03-10 10:15,66.7695
2021-03-10 10:10,57.3206
2021-03-10 10:05,64.1699
2021-03-10 10:00,67.3148
2021-03-10 09:55,65.7564
2021-03-10 09:50,66.8665
2021-03-10 09:45,78.3267
2021-03-10 09:40,74.5685
2021-03-10 09:35,73.9225
2021-03-10 09:30,64.7859
2021-03-10 09:25,57.1889
2021-03-10 09:15,55.3244
2021-03-10 09:10,55.7755
2021-03-10 09:05,55.7755
2021-03-10 09:00,55.1447
2021-03-10 08:55,55.1447
2021-03-10 08:50,59.5379
2021-03-10 08:45,51.0968
2021-03-10 08:40,52.9276
2021-03-10 08:35,54.3750
2021-03-10 08:30,52.5653
2021-03-10 08:25,55.6374
2021-03-10 08:20,52.1811
2021-03-10 08:15,56.9914
2021-03-10 08:05,55.9131
2021-03-10 07:55,49.7747
2021-03-10 07:50,53.7454
2021-03-10 07:25,54.7595
2021-03-10 07:05,49.7728
2021-03-10 06:30,52.9615
2021-03-10 06:20,55.2627
2021-03-10 06:10,53.3818
2021-03-10 04:25,44.0142
2021-03-09 20:00,52.1143
2021-03-09 19:45,44.5320
2021-03-09 19:10,46.2322
2021-03-09 19:05,52.1485
2021-03-09 18:55,53.7451
2021-03-09 18:50,53.4140
2021-03-09 18:25,53.4140
2021-03-09 18:20,50.3494
2021-03-09 17:50,47.4611
2021-03-09 17:45,57.0484
2021-03-09 17:35,47.1317
2021-03-09 17:25,55.6544
2021-03-09 17:05,48.7731
2021-03-09 16:25,46.8589
2021-03-09 16:10,59.1798
2021-03-09 16:05,61.6901
2021-03-09 16:00,55.0508
2021-03-09 15:55,60.9344
2021-03-09 15:50,61.6138
2021-03-09 15:45,55.6437
2021-03-09 15:40,64.2025
2021-03-09 15:35,62.4130
2021-03-09 15:30,56.9129
2021-03-09 15:25,58.7264
2021-03-09 15:20,56.9428
2021-03-09 15:15,54.8732
2021-03-09 15:10,49.2055
2021-03-09 15:05,48.9075
2021-03-09 15:00,45.0144
2021-03-09 14:55,41.8493
2021-03-09 14:50,46.3042
2021-03-09 14:45,50.1606
2021-03-09 14:40,56.3905
2021-03-09 14:35,51.9580
2021-03-09 14:30,54.2559
2021-03-09 14:25,53.4085
2021-03-09 14:20,60.6232
2021-03-09 14:15,66.7088
2021-03-09 14:10,65.9145
2021-03-09 14:05,61.4280
2021-03-09 14:00,60.7426
2021-03-09 13:55,58.9308
2021-03-09 13:50,66.7811
2021-03-09 13:45,71.6215
2021-03-09 13:40,69.0195
2021-03-09 13:35,59.6227
2021-03-09 13:30,60.4533
2021-03-09 13:25,58.8567
2021-03-09 13:20,61.1491
2021-03-09 13:15,61.8953
2021-03-09 13:10,61.4586
2021-03-09 13:05,61.4586
2021-03-09 13:00,65.3323
2021-03-09 12:55,64.1068
2021-03-09 12:50,65.3322
2021-03-09 12:45,62.5037
2021-03-09 12:40,61.8232
2021-03-09 12:35,69.1018
2021-03-09 12:30,66.3020
2021-03-09 12:25,66.3020
2021-03-09 12:20,64.2434
2021-03-09 12:15,68.4006
2021-03-09 12:10,67.7547
2021-03-09 12:05,68.2730
2021-03-09 12:00,70.7871
2021-03-09 11:55,68.4108
2021-03-09 11:50,67.8590
2021-03-09 11:45,62.7895
2021-03-09 11:40,58.9218
2021-03-09 11:35,61.5626
2021-03-09 11:30,66.6477
2021-03-09 11:25,64.6774
2021-03-09 11:20,66.0358
2021-03-09 11:15,67.3494
2021-03-09 11:10,70.3827
2021-03-09 11:05,68.5008
2021-03-09 11:00,65.1034
2021-03-09 10:55,61.9886
2021-03-09 10:50,58.9655
2021-03-09 10:45,58.1937
2021-03-09 10:40,56.4175
2021-03-09 10:35,50.5637
2021-03-09 10:30,46.7753
2021-03-09 10:25,49.1068
2021-03-09 10:20,49.2492
2021-03-09 10:15,39.2695
2021-03-09 10:10,42.0379
2021-03-09 10:05,45.6364
2021-03-09 10:00,49.7392
2021-03-09 09:55,50.9772
2021-03-09 09:50,52.0293
2021-03-09 09:45,65.0263
2021-03-09 09:40,59.9747
2021-03-09 09:35,54.7351
2021-03-09 09:30,61.7410
2021-03-09 09:25,49.8106
2021-03-09 09:20,53.1790
2021-03-09 09:15,49.0670
2021-03-09 09:10,49.5156
2021-03-09 09:05,46.8056
2021-03-09 08:55,44.9771
2021-03-09 08:50,46.0802
2021-03-09 08:40,40.6761
2021-03-09 08:35,52.3274
2021-03-09 08:30,35.0525
2021-03-09 08:25,43.7741
2021-03-09 08:20,44.3772
2021-03-09 08:15,44.3772
2021-03-09 08:10,47.1797
2021-03-09 08:05,40.1618
2021-03-09 08:00,41.1779
2021-03-09 07:55,42.1685
2021-03-09 07:40,38.7478
2021-03-09 07:30,43.5294
2021-03-09 07:15,49.1630
2021-03-09 07:10,51.0018
2021-03-09 07:05,53.4781
2021-03-09 07:00,45.4909
2021-03-09 06:50,47.8375
2021-03-09 06:45,49.0113
2021-03-09 06:10,48.4237
2021-03-09 05:40,52.9571
2021-03-09 05:20,55.3635
2021-03-09 04:45,69.2412
2021-03-09 04:40,69.2412
2021-03-09 04:35,69.2412
2021-03-08 19:45,53.5354
2021-03-08 19:40,53.5354
2021-03-08 19:10,53.5354
2021-03-08 19:00,53.5354
2021-03-08 18:55,53.5354
2021-03-08 18:40,49.0449
2021-03-08 18:35,50.1705
2021-03-08 18:30,50.1705
2021-03-08 18:25,47.0257
2021-03-08 18:20,47.0257
2021-03-08 17:55,47.0257
2021-03-08 17:45,52.8072
2021-03-08 17:30,53.2751
2021-03-08 17:10,47.1931
2021-03-08 17:05,46.7332
2021-03-08 16:50,45.4088
2021-03-08 16:35,48.3878
2021-03-08 16:30,39.1153
2021-03-08 16:15,47.9065
2021-03-08 16:10,39.2642
2021-03-08 16:05,39.2642
2021-03-08 16:00,38.6794
2021-03-08 15:55,43.3279
2021-03-08 15:50,45.4408
2021-03-08 15:45,49.4733
2021-03-08 15:40,49.4733
2021-03-08 15:35,49.8976
2021-03-08 15:30,43.6118
2021-03-08 15:25,41.6703
2021-03-08 15:20,34.9125
2021-03-08 15:15,38.7614
2021-03-08 15:10,34.2719
2021-03-08 15:05,34.5661
2021-03-08 15:00,42.9526
2021-03-08 14:55,41.0555
2021-03-08 14:50,37.1755
2021-03-08 14:45,36.0588
2021-03-08 14:40,38.4378
2021-03-08 14:35,41.3057
2021-03-08 14:30,46.3026
2021-03-08 14:25,39.7951
2021-03-08 14:20,33.6405
2021-03-08 14:15,33.9474
2021-03-08 14:10,37.7889
2021-03-08 14:05,41.0217
2021-03-08 14:00,29.8814
2021-03-08 13:55,30.0277
2021-03-08 13:50,30.7261
2021-03-08 13:45,36.0158
2021-03-08 13:40,41.4760
2021-03-08 13:35,46.1129
2021-03-08 13:30,52.6748
2021-03-08 13:25,51.0580
2021-03-08 13:20,51.0580
2021-03-08 13:15,49.3162
2021-03-08 13:10,53.0747
2021-03-08 13:05,53.5803
2021-03-08 13:00,53.1660
2021-03-08 12:55,54.9887
2021-03-08 12:50,55.4299
2021-03-08 12:45,52.9779
2021-03-08 12:40,51.5639
2021-03-08 12:35,58.5067
2021-03-08 12:30,60.7403
2021-03-08 12:25,59.8842
2021-03-08 12:20,54.7111
2021-03-08 12:15,51.9997
2021-03-08 12:10,55.0566
2021-03-08 12:05,53.4691
2021-03-08 12:00,50.5495
2021-03-08 11:55,49.8581
2021-03-08 11:50,49.5908
2021-03-08 11:45,46.2250
2021-03-08 11:40,51.1236
2021-03-08 11:35,51.8743
2021-03-08 11:30,54.3960
2021-03-08 11:25,54.9799
2021-03-08 11:20,52.1186
2021-03-08 11:15,42.1492
2021-03-08 11:10,52.9730
2021-03-08 11:05,52.6679
2021-03-08 11:00,50.2718
2021-03-08 10:55,44.7530
2021-03-08 10:50,49.2293
2021-03-08 10:45,50.0033
2021-03-08 10:40,45.0272
2021-03-08 10:35,44.6974
2021-03-08 10:30,42.7853
2021-03-08 10:25,38.1521
2021-03-08 10:20,41.2303
2021-03-08 10:15,41.9309
2021-03-08 10:10,47.7381
2021-03-08 10:05,46.6179
2021-03-08 10:00,48.6023
2021-03-08 09:55,51.3125
2021-03-08 09:50,51.4845
2021-03-08 09:45,73.8556
2021-03-08 09:40,71.9140
2021-03-08 09:35,60.5626
2021-03-08 09:30,89.1366
2021-03-08 09:25,85.1767
2021-03-08 09:20,85.1767
2021-03-08 09:10,84.5978
2021-03-08 09:05,82.9402
2021-03-08 09:00,82.5036
2021-03-08 08:55,85.5425
2021-03-08 08:50,84.6673
2021-03-08 08:45,84.6587
2021-03-08 08:40,83.9971
2021-03-08 08:35,83.4951
